file,line,type,commit,author,date,time,timezone,datetime,depth,length
style.css,1,css,9042f4f6,Rita Zaarour,2025-10-15,17:45:24,-07:00,2025-10-15T17:45:24-07:00,0,5
style.css,2,css,0685fa08,Rita Zaarour,2025-10-15,19:51:54,-07:00,2025-10-15T19:51:54-07:00,1,35
style.css,3,css,632ae501,Rita Zaarour,2025-10-15,21:08:20,-07:00,2025-10-15T21:08:20-07:00,1,23
style.css,4,css,9042f4f6,Rita Zaarour,2025-10-15,17:45:24,-07:00,2025-10-15T17:45:24-07:00,0,0
style.css,5,css,9042f4f6,Rita Zaarour,2025-10-15,17:45:24,-07:00,2025-10-15T17:45:24-07:00,0,0
style.css,6,css,3e493fcd,Rita Zaarour,2025-10-08,16:55:17,-07:00,2025-10-08T16:55:17-07:00,0,4
style.css,7,css,60630541,Rita Zaarour,2025-10-15,19:50:08,-07:00,2025-10-15T19:50:08-07:00,1,32
style.css,8,css,3e493fcd,Rita Zaarour,2025-10-08,16:55:17,-07:00,2025-10-08T16:55:17-07:00,0,0
style.css,9,css,3e493fcd,Rita Zaarour,2025-10-08,16:55:17,-07:00,2025-10-08T16:55:17-07:00,0,0
style.css,10,css,947b48df,Rita Zaarour,2025-10-06,20:36:45,-07:00,2025-10-06T20:36:45-07:00,0,2
style.css,11,css,947b48df,Rita Zaarour,2025-10-06,20:36:45,-07:00,2025-10-06T20:36:45-07:00,2,13
style.css,12,css,947b48df,Rita Zaarour,2025-10-06,20:36:45,-07:00,2025-10-06T20:36:45-07:00,0,0
style.css,13,css,947b48df,Rita Zaarour,2025-10-06,20:36:45,-07:00,2025-10-06T20:36:45-07:00,0,0
style.css,14,css,45234a56,Rita Zaarour,2025-10-23,21:50:33,-07:00,2025-10-23T21:50:33-07:00,0,2
style.css,15,css,45234a56,Rita Zaarour,2025-10-23,21:50:33,-07:00,2025-10-23T21:50:33-07:00,1,15
style.css,16,css,45234a56,Rita Zaarour,2025-10-23,21:50:33,-07:00,2025-10-23T21:50:33-07:00,0,0
style.css,17,css,45234a56,Rita Zaarour,2025-10-23,21:50:33,-07:00,2025-10-23T21:50:33-07:00,0,0
style.css,18,css,0dbb89f4,Rita Zaarour,2025-10-02,21:06:09,-07:00,2025-10-02T21:06:09-07:00,0,4
style.css,19,css,0dbb89f4,Rita Zaarour,2025-10-02,21:06:09,-07:00,2025-10-02T21:06:09-07:00,2,43
style.css,20,css,0dbb89f4,Rita Zaarour,2025-10-02,21:06:09,-07:00,2025-10-02T21:06:09-07:00,4,42
style.css,21,css,0dbb89f4,Rita Zaarour,2025-10-02,21:06:09,-07:00,2025-10-02T21:06:09-07:00,4,0
style.css,22,css,0dbb89f4,Rita Zaarour,2025-10-02,21:06:09,-07:00,2025-10-02T21:06:09-07:00,2,23
style.css,23,css,947b48df,Rita Zaarour,2025-10-06,20:36:45,-07:00,2025-10-06T20:36:45-07:00,2,15
style.css,24,css,947b48df,Rita Zaarour,2025-10-06,20:36:45,-07:00,2025-10-06T20:36:45-07:00,2,13
style.css,25,css,890ff167,Rita Zaarour,2025-10-06,20:44:53,-07:00,2025-10-06T20:44:53-07:00,2,18
style.css,26,css,780f57ae,Rita Zaarour,2025-10-02,21:09:12,-07:00,2025-10-02T21:09:12-07:00,0,0
style.css,27,css,780f57ae,Rita Zaarour,2025-10-02,21:09:12,-07:00,2025-10-02T21:09:12-07:00,0,0
style.css,28,css,6874b99b,Rita Zaarour,2025-10-08,20:20:36,-07:00,2025-10-08T20:20:36-07:00,0,5
style.css,29,css,491018ab,Rita Zaarour,2025-10-08,20:17:53,-07:00,2025-10-08T20:17:53-07:00,2,17
style.css,30,css,491018ab,Rita Zaarour,2025-10-08,20:17:53,-07:00,2025-10-08T20:17:53-07:00,0,0
style.css,31,css,491018ab,Rita Zaarour,2025-10-08,20:17:53,-07:00,2025-10-08T20:17:53-07:00,0,0
style.css,32,css,780f57ae,Rita Zaarour,2025-10-02,21:09:12,-07:00,2025-10-02T21:09:12-07:00,0,3
style.css,33,css,297ec655,Rita Zaarour,2025-10-03,12:07:05,-07:00,2025-10-03T12:07:05-07:00,2,10
style.css,34,css,9b660da4,Rita Zaarour,2025-10-03,12:09:37,-07:00,2025-10-03T12:09:37-07:00,2,15
style.css,35,css,780f57ae,Rita Zaarour,2025-10-02,21:09:12,-07:00,2025-10-02T21:09:12-07:00,2,11
style.css,36,css,8f6371fa,Rita Zaarour,2025-10-03,12:00:33,-07:00,2025-10-03T12:00:33-07:00,2,13
style.css,37,css,1a4d86f2,Rita Zaarour,2025-10-24,22:00:39,-07:00,2025-10-24T22:00:39-07:00,2,18
style.css,38,css,7ef9b0fc,Rita Zaarour,2025-10-02,22:17:39,-07:00,2025-10-02T22:17:39-07:00,0,0
style.css,39,css,7ef9b0fc,Rita Zaarour,2025-10-02,22:17:39,-07:00,2025-10-02T22:17:39-07:00,0,0
style.css,40,css,ace42b6d,Rita Zaarour,2025-10-08,21:43:03,-07:00,2025-10-08T21:43:03-07:00,0,9
style.css,41,css,cf353d5c,Rita Zaarour,2025-10-09,08:37:13,-07:00,2025-10-09T08:37:13-07:00,1,12
style.css,42,css,cf353d5c,Rita Zaarour,2025-10-09,08:37:13,-07:00,2025-10-09T08:37:13-07:00,1,58
style.css,43,css,cf353d5c,Rita Zaarour,2025-10-09,08:37:13,-07:00,2025-10-09T08:37:13-07:00,1,7
style.css,44,css,ace42b6d,Rita Zaarour,2025-10-08,21:43:03,-07:00,2025-10-08T21:43:03-07:00,0,0
style.css,45,css,ace42b6d,Rita Zaarour,2025-10-08,21:43:03,-07:00,2025-10-08T21:43:03-07:00,0,0
style.css,46,css,bfc40698,Rita Zaarour,2025-10-09,08:12:10,-07:00,2025-10-09T08:12:10-07:00,0,17
style.css,47,css,0e475d59,Rita Zaarour,2025-10-27,20:52:15,-07:00,2025-10-27T20:52:15-07:00,1,12
style.css,48,css,0e475d59,Rita Zaarour,2025-10-27,20:52:15,-07:00,2025-10-27T20:52:15-07:00,1,26
style.css,49,css,0e475d59,Rita Zaarour,2025-10-27,20:52:15,-07:00,2025-10-27T20:52:15-07:00,1,15
style.css,50,css,0e475d59,Rita Zaarour,2025-10-27,20:52:15,-07:00,2025-10-27T20:52:15-07:00,1,7
style.css,51,css,0c669cf7,Rita Zaarour,2025-10-08,22:14:23,-07:00,2025-10-08T22:14:23-07:00,0,0
style.css,52,css,0c669cf7,Rita Zaarour,2025-10-08,22:14:23,-07:00,2025-10-08T22:14:23-07:00,0,0
style.css,53,css,0e475d59,Rita Zaarour,2025-10-27,20:52:15,-07:00,2025-10-27T20:52:15-07:00,0,16
style.css,54,css,0e475d59,Rita Zaarour,2025-10-27,20:52:15,-07:00,2025-10-27T20:52:15-07:00,1,12
style.css,55,css,0e475d59,Rita Zaarour,2025-10-27,20:52:15,-07:00,2025-10-27T20:52:15-07:00,1,21
style.css,56,css,bb9fe2b3,Rita Zaarour,2025-10-27,20:47:25,-07:00,2025-10-27T20:47:25-07:00,0,0
style.css,57,css,bb9fe2b3,Rita Zaarour,2025-10-27,20:47:25,-07:00,2025-10-27T20:47:25-07:00,0,0
style.css,58,css,bfc40698,Rita Zaarour,2025-10-09,08:12:10,-07:00,2025-10-09T08:12:10-07:00,0,12
style.css,59,css,cf353d5c,Rita Zaarour,2025-10-09,08:37:13,-07:00,2025-10-09T08:37:13-07:00,1,8
style.css,60,css,0c669cf7,Rita Zaarour,2025-10-08,22:14:23,-07:00,2025-10-08T22:14:23-07:00,0,0
style.css,61,css,0c669cf7,Rita Zaarour,2025-10-08,22:14:23,-07:00,2025-10-08T22:14:23-07:00,0,0
style.css,62,css,d597ca20,Rita Zaarour,2025-10-08,20:55:56,-07:00,2025-10-08T20:55:56-07:00,0,4
style.css,63,css,e309cfc9,Rita Zaarour,2025-10-08,21:19:14,-07:00,2025-10-08T21:19:14-07:00,1,12
style.css,64,css,e309cfc9,Rita Zaarour,2025-10-08,21:19:14,-07:00,2025-10-08T21:19:14-07:00,1,30
style.css,65,css,50f7f89e,Rita Zaarour,2025-10-08,21:14:33,-07:00,2025-10-08T21:14:33-07:00,1,7
style.css,66,css,50f7f89e,Rita Zaarour,2025-10-08,21:14:33,-07:00,2025-10-08T21:14:33-07:00,0,0
style.css,67,css,50f7f89e,Rita Zaarour,2025-10-08,21:14:33,-07:00,2025-10-08T21:14:33-07:00,0,0
style.css,68,css,50f7f89e,Rita Zaarour,2025-10-08,21:14:33,-07:00,2025-10-08T21:14:33-07:00,0,10
style.css,69,css,e309cfc9,Rita Zaarour,2025-10-08,21:19:14,-07:00,2025-10-08T21:19:14-07:00,1,12
style.css,70,css,e309cfc9,Rita Zaarour,2025-10-08,21:19:14,-07:00,2025-10-08T21:19:14-07:00,1,29
style.css,71,css,50f7f89e,Rita Zaarour,2025-10-08,21:14:33,-07:00,2025-10-08T21:14:33-07:00,1,18
style.css,72,css,50f7f89e,Rita Zaarour,2025-10-08,21:14:33,-07:00,2025-10-08T21:14:33-07:00,0,0
style.css,73,css,50f7f89e,Rita Zaarour,2025-10-08,21:14:33,-07:00,2025-10-08T21:14:33-07:00,0,0
style.css,74,css,50f7f89e,Rita Zaarour,2025-10-08,21:14:33,-07:00,2025-10-08T21:14:33-07:00,0,11
style.css,75,css,50f7f89e,Rita Zaarour,2025-10-08,21:14:33,-07:00,2025-10-08T21:14:33-07:00,1,18
style.css,76,css,395c38bd,Rita Zaarour,2025-10-08,20:45:03,-07:00,2025-10-08T20:45:03-07:00,0,0
style.css,77,css,395c38bd,Rita Zaarour,2025-10-08,20:45:03,-07:00,2025-10-08T20:45:03-07:00,0,0
style.css,78,css,28092249,Rita Zaarour,2025-10-15,21:45:45,-07:00,2025-10-15T21:45:45-07:00,0,13
style.css,79,css,28092249,Rita Zaarour,2025-10-15,21:45:45,-07:00,2025-10-15T21:45:45-07:00,1,17
style.css,80,css,03aa4d1d,Rita Zaarour,2025-10-24,22:15:24,-07:00,2025-10-24T22:15:24-07:00,1,8
style.css,81,css,28092249,Rita Zaarour,2025-10-15,21:45:45,-07:00,2025-10-15T21:45:45-07:00,1,10
style.css,82,css,28092249,Rita Zaarour,2025-10-15,21:45:45,-07:00,2025-10-15T21:45:45-07:00,0,0
style.css,83,css,19e7d866,Rita Zaarour,2025-10-27,21:55:09,-07:00,2025-10-27T21:55:09-07:00,0,13
style.css,84,css,a08017d9,Rita Zaarour,2025-10-27,21:16:27,-07:00,2025-10-27T21:16:27-07:00,1,14
style.css,85,css,a08017d9,Rita Zaarour,2025-10-27,21:16:27,-07:00,2025-10-27T21:16:27-07:00,1,16
style.css,86,css,a08017d9,Rita Zaarour,2025-10-27,21:16:27,-07:00,2025-10-27T21:16:27-07:00,0,0
style.css,87,css,a08017d9,Rita Zaarour,2025-10-27,21:16:27,-07:00,2025-10-27T21:16:27-07:00,1,16
style.css,88,css,a08017d9,Rita Zaarour,2025-10-27,21:16:27,-07:00,2025-10-27T21:16:27-07:00,0,0
style.css,89,css,996dd835,Rita Zaarour,2025-10-15,21:22:04,-07:00,2025-10-15T21:22:04-07:00,0,0
style.css,90,css,88d8e7d6,Rita Zaarour,2025-10-27,11:52:12,-07:00,2025-10-27T11:52:12-07:00,0,32
style.css,91,css,4dad94cd,Rita Zaarour,2025-10-27,11:34:22,-07:00,2025-10-27T11:34:22-07:00,1,30
style.css,92,css,4dad94cd,Rita Zaarour,2025-10-27,11:34:22,-07:00,2025-10-27T11:34:22-07:00,1,24
style.css,93,css,4dad94cd,Rita Zaarour,2025-10-27,11:34:22,-07:00,2025-10-27T11:34:22-07:00,1,15
style.css,94,css,4dad94cd,Rita Zaarour,2025-10-27,11:34:22,-07:00,2025-10-27T11:34:22-07:00,0,0
style.css,95,css,4dad94cd,Rita Zaarour,2025-10-27,11:34:22,-07:00,2025-10-27T11:34:22-07:00,0,0
style.css,96,css,88d8e7d6,Rita Zaarour,2025-10-27,11:52:12,-07:00,2025-10-27T11:52:12-07:00,0,20
style.css,97,css,4dad94cd,Rita Zaarour,2025-10-27,11:34:22,-07:00,2025-10-27T11:34:22-07:00,1,31
style.css,98,css,4dad94cd,Rita Zaarour,2025-10-27,11:34:22,-07:00,2025-10-27T11:34:22-07:00,1,24
style.css,99,css,4dad94cd,Rita Zaarour,2025-10-27,11:34:22,-07:00,2025-10-27T11:34:22-07:00,1,15
style.css,100,css,4dad94cd,Rita Zaarour,2025-10-27,11:34:22,-07:00,2025-10-27T11:34:22-07:00,0,0
style.css,101,css,4dad94cd,Rita Zaarour,2025-10-27,11:34:22,-07:00,2025-10-27T11:34:22-07:00,0,0
style.css,102,css,4dad94cd,Rita Zaarour,2025-10-27,11:34:22,-07:00,2025-10-27T11:34:22-07:00,0,0
style.css,103,css,7ef9b0fc,Rita Zaarour,2025-10-02,22:17:39,-07:00,2025-10-02T22:17:39-07:00,0,3
style.css,104,css,52266f8b,Rita Zaarour,2025-10-06,21:26:17,-07:00,2025-10-06T21:26:17-07:00,2,12
style.css,105,css,b2665d82,Rita Zaarour,2025-10-06,21:55:10,-07:00,2025-10-06T21:55:10-07:00,2,17
style.css,106,css,306ef127,Rita Zaarour,2025-10-15,19:24:45,-07:00,2025-10-15T19:24:45-07:00,2,47
style.css,107,css,7ef9b0fc,Rita Zaarour,2025-10-02,22:17:39,-07:00,2025-10-02T22:17:39-07:00,0,0
style.css,108,css,bbb2cafd,Rita Zaarour,2025-10-06,21:33:49,-07:00,2025-10-06T21:33:49-07:00,0,0
style.css,109,css,bbb2cafd,Rita Zaarour,2025-10-06,21:33:49,-07:00,2025-10-06T21:33:49-07:00,0,5
style.css,110,css,03aa4d1d,Rita Zaarour,2025-10-24,22:15:24,-07:00,2025-10-24T22:15:24-07:00,2,6
style.css,111,css,bbb2cafd,Rita Zaarour,2025-10-06,21:33:49,-07:00,2025-10-06T21:33:49-07:00,2,13
style.css,112,css,bbb2cafd,Rita Zaarour,2025-10-06,21:33:49,-07:00,2025-10-06T21:33:49-07:00,2,20
style.css,113,css,bbb2cafd,Rita Zaarour,2025-10-06,21:33:49,-07:00,2025-10-06T21:33:49-07:00,2,17
style.css,114,css,bbb2cafd,Rita Zaarour,2025-10-06,21:33:49,-07:00,2025-10-06T21:33:49-07:00,2,13
style.css,115,css,40f73bde,Rita Zaarour,2025-10-06,21:50:54,-07:00,2025-10-06T21:50:54-07:00,0,0
style.css,116,css,40f73bde,Rita Zaarour,2025-10-06,21:50:54,-07:00,2025-10-06T21:50:54-07:00,0,0
style.css,117,css,8c296bbf,Rita Zaarour,2025-10-07,21:54:41,-07:00,2025-10-07T21:54:41-07:00,0,13
style.css,118,css,306ef127,Rita Zaarour,2025-10-15,19:24:45,-07:00,2025-10-15T19:24:45-07:00,2,49
style.css,119,css,746e8faa,Rita Zaarour,2025-10-07,22:06:36,-07:00,2025-10-07T22:06:36-07:00,2,20
style.css,120,css,4a70e26f,Rita Zaarour,2025-10-08,16:49:58,-07:00,2025-10-08T16:49:58-07:00,0,0
style.css,121,css,4a70e26f,Rita Zaarour,2025-10-08,16:49:58,-07:00,2025-10-08T16:49:58-07:00,0,0
style.css,122,css,3e493fcd,Rita Zaarour,2025-10-08,16:55:17,-07:00,2025-10-08T16:55:17-07:00,0,11
style.css,123,css,95ff26e9,Rita Zaarour,2025-10-15,20:27:53,-07:00,2025-10-15T20:27:53-07:00,2,69
style.css,124,css,60630541,Rita Zaarour,2025-10-15,19:50:08,-07:00,2025-10-15T19:50:08-07:00,2,45
style.css,125,css,43f9e8a1,Rita Zaarour,2025-10-08,22:39:38,-07:00,2025-10-08T22:39:38-07:00,2,20
style.css,126,css,17aa5154,Rita Zaarour,2025-10-09,10:07:40,-07:00,2025-10-09T10:07:40-07:00,0,0
style.css,127,css,17aa5154,Rita Zaarour,2025-10-09,10:07:40,-07:00,2025-10-09T10:07:40-07:00,0,0
style.css,128,css,ec5f0d35,Rita Zaarour,2025-10-09,22:35:52,-07:00,2025-10-09T22:35:52-07:00,0,10
style.css,129,css,ec5f0d35,Rita Zaarour,2025-10-09,22:35:52,-07:00,2025-10-09T22:35:52-07:00,1,17
style.css,130,css,ff31db4e,Rita Zaarour,2025-10-10,09:27:14,-07:00,2025-10-10T09:27:14-07:00,1,10
style.css,131,css,ff31db4e,Rita Zaarour,2025-10-10,09:27:14,-07:00,2025-10-10T09:27:14-07:00,1,15
style.css,132,css,ec5f0d35,Rita Zaarour,2025-10-09,22:35:52,-07:00,2025-10-09T22:35:52-07:00,0,0
style.css,133,css,ec5f0d35,Rita Zaarour,2025-10-09,22:35:52,-07:00,2025-10-09T22:35:52-07:00,0,0
style.css,134,css,ff31db4e,Rita Zaarour,2025-10-10,09:27:14,-07:00,2025-10-10T09:27:14-07:00,0,10
style.css,135,css,69bc34e0,Rita Zaarour,2025-10-09,14:43:51,-07:00,2025-10-09T14:43:51-07:00,1,24
style.css,136,css,a093c5b2,Rita Zaarour,2025-10-10,09:19:26,-07:00,2025-10-10T09:19:26-07:00,1,15
style.css,137,css,a093c5b2,Rita Zaarour,2025-10-10,09:19:26,-07:00,2025-10-10T09:19:26-07:00,0,0
style.css,138,css,a093c5b2,Rita Zaarour,2025-10-10,09:19:26,-07:00,2025-10-10T09:19:26-07:00,0,0
style.css,139,css,ff31db4e,Rita Zaarour,2025-10-10,09:27:14,-07:00,2025-10-10T09:27:14-07:00,0,10
style.css,140,css,ff31db4e,Rita Zaarour,2025-10-10,09:27:14,-07:00,2025-10-10T09:27:14-07:00,1,12
style.css,141,css,ff31db4e,Rita Zaarour,2025-10-10,09:27:14,-07:00,2025-10-10T09:27:14-07:00,1,15
style.css,142,css,ff31db4e,Rita Zaarour,2025-10-10,09:27:14,-07:00,2025-10-10T09:27:14-07:00,0,0
style.css,143,css,ff31db4e,Rita Zaarour,2025-10-10,09:27:14,-07:00,2025-10-10T09:27:14-07:00,0,0
style.css,144,css,a093c5b2,Rita Zaarour,2025-10-10,09:19:26,-07:00,2025-10-10T09:19:26-07:00,0,9
style.css,145,css,a093c5b2,Rita Zaarour,2025-10-10,09:19:26,-07:00,2025-10-10T09:19:26-07:00,1,12
style.css,146,css,ff31db4e,Rita Zaarour,2025-10-10,09:27:14,-07:00,2025-10-10T09:27:14-07:00,1,11
style.css,147,css,ff31db4e,Rita Zaarour,2025-10-10,09:27:14,-07:00,2025-10-10T09:27:14-07:00,1,24
style.css,148,css,69bc34e0,Rita Zaarour,2025-10-09,14:43:51,-07:00,2025-10-09T14:43:51-07:00,0,0
style.css,149,css,ec5f0d35,Rita Zaarour,2025-10-09,22:35:52,-07:00,2025-10-09T22:35:52-07:00,0,0
style.css,150,css,3024ccdc,Rita Zaarour,2025-10-10,09:30:47,-07:00,2025-10-10T09:30:47-07:00,0,9
style.css,151,css,3024ccdc,Rita Zaarour,2025-10-10,09:30:47,-07:00,2025-10-10T09:30:47-07:00,1,12
style.css,152,css,3024ccdc,Rita Zaarour,2025-10-10,09:30:47,-07:00,2025-10-10T09:30:47-07:00,1,15
style.css,153,css,3024ccdc,Rita Zaarour,2025-10-10,09:30:47,-07:00,2025-10-10T09:30:47-07:00,0,0
style.css,154,css,3024ccdc,Rita Zaarour,2025-10-10,09:30:47,-07:00,2025-10-10T09:30:47-07:00,0,0
style.css,155,css,c72fa546,Rita Zaarour,2025-10-10,09:40:12,-07:00,2025-10-10T09:40:12-07:00,0,10
style.css,156,css,c72fa546,Rita Zaarour,2025-10-10,09:40:12,-07:00,2025-10-10T09:40:12-07:00,1,12
style.css,157,css,c72fa546,Rita Zaarour,2025-10-10,09:40:12,-07:00,2025-10-10T09:40:12-07:00,0,0
style.css,158,css,c72fa546,Rita Zaarour,2025-10-10,09:40:12,-07:00,2025-10-10T09:40:12-07:00,0,0
style.css,159,css,ec5f0d35,Rita Zaarour,2025-10-09,22:35:52,-07:00,2025-10-09T22:35:52-07:00,0,10
style.css,160,css,ec5f0d35,Rita Zaarour,2025-10-09,22:35:52,-07:00,2025-10-09T22:35:52-07:00,1,17
style.css,161,css,ec5f0d35,Rita Zaarour,2025-10-09,22:35:52,-07:00,2025-10-09T22:35:52-07:00,0,0
style.css,162,css,17aa5154,Rita Zaarour,2025-10-09,10:07:40,-07:00,2025-10-09T10:07:40-07:00,0,12
style.css,163,css,17aa5154,Rita Zaarour,2025-10-09,10:07:40,-07:00,2025-10-09T10:07:40-07:00,1,17
style.css,164,css,ff31db4e,Rita Zaarour,2025-10-10,09:27:14,-07:00,2025-10-10T09:27:14-07:00,1,12
style.css,165,css,ff31db4e,Rita Zaarour,2025-10-10,09:27:14,-07:00,2025-10-10T09:27:14-07:00,1,15
style.css,166,css,3024ccdc,Rita Zaarour,2025-10-10,09:30:47,-07:00,2025-10-10T09:30:47-07:00,1,16
style.css,167,css,619cc32e,Rita Zaarour,2025-10-24,21:04:16,-07:00,2025-10-24T21:04:16-07:00,0,0
style.css,168,css,619cc32e,Rita Zaarour,2025-10-24,21:04:16,-07:00,2025-10-24T21:04:16-07:00,0,0
style.css,169,css,619cc32e,Rita Zaarour,2025-10-24,21:04:16,-07:00,2025-10-24T21:04:16-07:00,0,2
style.css,170,css,74892e8a,Rita Zaarour,2025-10-24,21:13:05,-07:00,2025-10-24T21:13:05-07:00,1,12
style.css,171,css,74892e8a,Rita Zaarour,2025-10-24,21:13:05,-07:00,2025-10-24T21:13:05-07:00,1,12
style.css,172,css,4dad94cd,Rita Zaarour,2025-10-27,11:34:22,-07:00,2025-10-27T11:34:22-07:00,1,22
style.css,173,css,619cc32e,Rita Zaarour,2025-10-24,21:04:16,-07:00,2025-10-24T21:04:16-07:00,1,0
style.css,174,css,619cc32e,Rita Zaarour,2025-10-24,21:04:16,-07:00,2025-10-24T21:04:16-07:00,0,0
style.css,175,css,619cc32e,Rita Zaarour,2025-10-24,21:04:16,-07:00,2025-10-24T21:04:16-07:00,0,2
style.css,176,css,2093b26c,Rita Zaarour,2025-10-24,21:08:46,-07:00,2025-10-24T21:08:46-07:00,1,16
style.css,177,css,619cc32e,Rita Zaarour,2025-10-24,21:04:16,-07:00,2025-10-24T21:04:16-07:00,0,0
style.css,178,css,619cc32e,Rita Zaarour,2025-10-24,21:04:16,-07:00,2025-10-24T21:04:16-07:00,0,0
style.css,179,css,619cc32e,Rita Zaarour,2025-10-24,21:04:16,-07:00,2025-10-24T21:04:16-07:00,0,2
style.css,180,css,2093b26c,Rita Zaarour,2025-10-24,21:08:46,-07:00,2025-10-24T21:08:46-07:00,1,16
style.css,181,css,57c9915f,Rita Zaarour,2025-10-28,21:55:02,-07:00,2025-10-28T21:55:02-07:00,0,0
style.css,182,css,57c9915f,Rita Zaarour,2025-10-28,21:55:02,-07:00,2025-10-28T21:55:02-07:00,0,0
style.css,183,css,57c9915f,Rita Zaarour,2025-10-28,21:55:02,-07:00,2025-10-28T21:55:02-07:00,0,7
style.css,184,css,57c9915f,Rita Zaarour,2025-10-28,21:55:02,-07:00,2025-10-28T21:55:02-07:00,1,21
style.css,185,css,50cef467,Rita Zaarour,2025-10-29,11:14:25,-07:00,2025-10-29T11:14:25-07:00,1,12
style.css,186,css,57c9915f,Rita Zaarour,2025-10-28,21:55:02,-07:00,2025-10-28T21:55:02-07:00,1,57
style.css,187,css,57c9915f,Rita Zaarour,2025-10-28,21:55:02,-07:00,2025-10-28T21:55:02-07:00,1,7
style.css,188,css,50cef467,Rita Zaarour,2025-10-29,11:14:25,-07:00,2025-10-29T11:14:25-07:00,1,11
style.css,189,css,50cef467,Rita Zaarour,2025-10-29,11:14:25,-07:00,2025-10-29T11:14:25-07:00,1,10
style.css,190,css,50cef467,Rita Zaarour,2025-10-29,11:14:25,-07:00,2025-10-29T11:14:25-07:00,0,0
style.css,191,css,50cef467,Rita Zaarour,2025-10-29,11:14:25,-07:00,2025-10-29T11:14:25-07:00,0,0
style.css,192,css,50cef467,Rita Zaarour,2025-10-29,11:14:25,-07:00,2025-10-29T11:14:25-07:00,0,10
style.css,193,css,50cef467,Rita Zaarour,2025-10-29,11:14:25,-07:00,2025-10-29T11:14:25-07:00,1,12
style.css,194,css,50cef467,Rita Zaarour,2025-10-29,11:14:25,-07:00,2025-10-29T11:14:25-07:00,1,18
style.css,195,css,65cf8602,Rita Zaarour,2025-10-29,13:14:03,-07:00,2025-10-29T13:14:03-07:00,1,10
style.css,196,css,50cef467,Rita Zaarour,2025-10-29,11:14:25,-07:00,2025-10-29T11:14:25-07:00,0,0
style.css,197,css,65cf8602,Rita Zaarour,2025-10-29,13:14:03,-07:00,2025-10-29T13:14:03-07:00,0,0
style.css,198,css,50cef467,Rita Zaarour,2025-10-29,11:14:25,-07:00,2025-10-29T11:14:25-07:00,0,15
style.css,199,css,dbb7e338,Rita Zaarour,2025-10-29,12:43:50,-07:00,2025-10-29T12:43:50-07:00,1,20
style.css,200,css,dbb7e338,Rita Zaarour,2025-10-29,12:43:50,-07:00,2025-10-29T12:43:50-07:00,1,11
style.css,201,css,50cef467,Rita Zaarour,2025-10-29,11:14:25,-07:00,2025-10-29T11:14:25-07:00,1,18
style.css,202,css,dbb7e338,Rita Zaarour,2025-10-29,12:43:50,-07:00,2025-10-29T12:43:50-07:00,1,23
style.css,203,css,65cf8602,Rita Zaarour,2025-10-29,13:14:03,-07:00,2025-10-29T13:14:03-07:00,1,17
style.css,204,css,50cef467,Rita Zaarour,2025-10-29,11:14:25,-07:00,2025-10-29T11:14:25-07:00,0,0
style.css,205,css,50cef467,Rita Zaarour,2025-10-29,11:14:25,-07:00,2025-10-29T11:14:25-07:00,0,0
style.css,206,css,5ab3750f,Rita Zaarour,2025-10-29,13:18:34,-07:00,2025-10-29T13:18:34-07:00,0,10
style.css,207,css,5ab3750f,Rita Zaarour,2025-10-29,13:18:34,-07:00,2025-10-29T13:18:34-07:00,1,12
style.css,208,css,5ab3750f,Rita Zaarour,2025-10-29,13:18:34,-07:00,2025-10-29T13:18:34-07:00,1,6
style.css,209,css,814df896,Rita Zaarour,2025-11-02,16:55:26,-08:00,2025-11-02T16:55:26-08:00,1,7
style.css,210,css,c7cbfacb,Rita Zaarour,2025-10-30,15:23:55,-07:00,2025-10-30T15:23:55-07:00,1,18
style.css,211,css,5ab3750f,Rita Zaarour,2025-10-29,13:18:34,-07:00,2025-10-29T13:18:34-07:00,0,0
style.css,212,css,5ab3750f,Rita Zaarour,2025-10-29,13:18:34,-07:00,2025-10-29T13:18:34-07:00,0,0
style.css,213,css,4f75a39f,Rita Zaarour,2025-10-30,20:28:23,-07:00,2025-10-30T20:28:23-07:00,0,10
style.css,214,css,615ddb13,Rita Zaarour,2025-10-30,20:34:49,-07:00,2025-10-30T20:34:49-07:00,1,10
style.css,215,css,814df896,Rita Zaarour,2025-11-02,16:55:26,-08:00,2025-11-02T16:55:26-08:00,1,15
style.css,216,css,4f75a39f,Rita Zaarour,2025-10-30,20:28:23,-07:00,2025-10-30T20:28:23-07:00,1,18
style.css,217,css,4f75a39f,Rita Zaarour,2025-10-30,20:28:23,-07:00,2025-10-30T20:28:23-07:00,1,17
style.css,218,css,814df896,Rita Zaarour,2025-11-02,16:55:26,-08:00,2025-11-02T16:55:26-08:00,1,10
style.css,219,css,615ddb13,Rita Zaarour,2025-10-30,20:34:49,-07:00,2025-10-30T20:34:49-07:00,1,13
style.css,220,css,615ddb13,Rita Zaarour,2025-10-30,20:34:49,-07:00,2025-10-30T20:34:49-07:00,0,0
style.css,221,css,615ddb13,Rita Zaarour,2025-10-30,20:34:49,-07:00,2025-10-30T20:34:49-07:00,0,0
style.css,222,css,615ddb13,Rita Zaarour,2025-10-30,20:34:49,-07:00,2025-10-30T20:34:49-07:00,0,17
style.css,223,css,615ddb13,Rita Zaarour,2025-10-30,20:34:49,-07:00,2025-10-30T20:34:49-07:00,1,16
style.css,224,css,615ddb13,Rita Zaarour,2025-10-30,20:34:49,-07:00,2025-10-30T20:34:49-07:00,2,11
style.css,225,css,615ddb13,Rita Zaarour,2025-10-30,20:34:49,-07:00,2025-10-30T20:34:49-07:00,1,0
style.css,226,css,615ddb13,Rita Zaarour,2025-10-30,20:34:49,-07:00,2025-10-30T20:34:49-07:00,0,0
style.css,227,css,615ddb13,Rita Zaarour,2025-10-30,20:34:49,-07:00,2025-10-30T20:34:49-07:00,0,0
style.css,228,css,615ddb13,Rita Zaarour,2025-10-30,20:34:49,-07:00,2025-10-30T20:34:49-07:00,0,4
style.css,229,css,615ddb13,Rita Zaarour,2025-10-30,20:34:49,-07:00,2025-10-30T20:34:49-07:00,1,16
style.css,230,css,9dd9e440,Rita Zaarour,2025-10-30,21:04:10,-07:00,2025-10-30T21:04:10-07:00,1,14
style.css,231,css,4f75a39f,Rita Zaarour,2025-10-30,20:28:23,-07:00,2025-10-30T20:28:23-07:00,0,0
style.css,232,css,4f75a39f,Rita Zaarour,2025-10-30,20:28:23,-07:00,2025-10-30T20:28:23-07:00,0,0
style.css,233,css,9dd9e440,Rita Zaarour,2025-10-30,21:04:10,-07:00,2025-10-30T21:04:10-07:00,0,9
style.css,234,css,9dd9e440,Rita Zaarour,2025-10-30,21:04:10,-07:00,2025-10-30T21:04:10-07:00,1,39
style.css,235,css,9dd9e440,Rita Zaarour,2025-10-30,21:04:10,-07:00,2025-10-30T21:04:10-07:00,0,0
style.css,236,css,9dd9e440,Rita Zaarour,2025-10-30,21:04:10,-07:00,2025-10-30T21:04:10-07:00,1,10
style.css,237,css,9dd9e440,Rita Zaarour,2025-10-30,21:04:10,-07:00,2025-10-30T21:04:10-07:00,2,17
style.css,238,css,9dd9e440,Rita Zaarour,2025-10-30,21:04:10,-07:00,2025-10-30T21:04:10-07:00,1,0
style.css,239,css,9dd9e440,Rita Zaarour,2025-10-30,21:04:10,-07:00,2025-10-30T21:04:10-07:00,0,0
index.js,1,js,08d6b469,Rita Zaarour,2025-10-23,21:58:29,-07:00,2025-10-23T21:58:29-07:00,0,71
index.js,2,js,737915e4,Rita Zaarour,2025-10-23,20:15:20,-07:00,2025-10-23T20:15:20-07:00,0,0
index.js,3,js,737915e4,Rita Zaarour,2025-10-23,20:15:20,-07:00,2025-10-23T20:15:20-07:00,0,54
index.js,4,js,737915e4,Rita Zaarour,2025-10-23,20:15:20,-07:00,2025-10-23T20:15:20-07:00,0,42
index.js,5,js,737915e4,Rita Zaarour,2025-10-23,20:15:20,-07:00,2025-10-23T20:15:20-07:00,0,0
index.js,6,js,737915e4,Rita Zaarour,2025-10-23,20:15:20,-07:00,2025-10-23T20:15:20-07:00,0,60
index.js,7,js,eddc9849,Rita Zaarour,2025-10-23,21:39:31,-07:00,2025-10-23T21:39:31-07:00,0,54
index.js,8,js,eddc9849,Rita Zaarour,2025-10-23,21:39:31,-07:00,2025-10-23T21:39:31-07:00,0,0
index.js,9,js,08d6b469,Rita Zaarour,2025-10-23,21:58:29,-07:00,2025-10-23T21:58:29-07:00,0,0
index.js,10,js,08d6b469,Rita Zaarour,2025-10-23,21:58:29,-07:00,2025-10-23T21:58:29-07:00,0,0
index.js,11,js,45234a56,Rita Zaarour,2025-10-23,21:50:33,-07:00,2025-10-23T21:50:33-07:00,0,54
index.js,12,js,eddc9849,Rita Zaarour,2025-10-23,21:39:31,-07:00,2025-10-23T21:39:31-07:00,0,60
index.js,13,js,eddc9849,Rita Zaarour,2025-10-23,21:39:31,-07:00,2025-10-23T21:39:31-07:00,0,0
index.js,14,js,eddc9849,Rita Zaarour,2025-10-23,21:39:31,-07:00,2025-10-23T21:39:31-07:00,0,17
index.js,15,js,eddc9849,Rita Zaarour,2025-10-23,21:39:31,-07:00,2025-10-23T21:39:31-07:00,1,24
index.js,16,js,eddc9849,Rita Zaarour,2025-10-23,21:39:31,-07:00,2025-10-23T21:39:31-07:00,4,2
index.js,17,js,eddc9849,Rita Zaarour,2025-10-23,21:39:31,-07:00,2025-10-23T21:39:31-07:00,5,55
index.js,18,js,eddc9849,Rita Zaarour,2025-10-23,21:39:31,-07:00,2025-10-23T21:39:31-07:00,5,49
index.js,19,js,eddc9849,Rita Zaarour,2025-10-23,21:39:31,-07:00,2025-10-23T21:39:31-07:00,5,49
index.js,20,js,eddc9849,Rita Zaarour,2025-10-23,21:39:31,-07:00,2025-10-23T21:39:31-07:00,4,3
index.js,21,js,eddc9849,Rita Zaarour,2025-10-23,21:39:31,-07:00,2025-10-23T21:39:31-07:00,2,0
index.js,22,js,eddc9849,Rita Zaarour,2025-10-23,21:39:31,-07:00,2025-10-23T21:39:31-07:00,0,0
index.html,1,html,864a8002,Rita Zaarour,2025-10-02,17:31:52,-07:00,2025-10-02T17:31:52-07:00,0,13
index.html,2,html,864a8002,Rita Zaarour,2025-10-02,17:31:52,-07:00,2025-10-02T17:31:52-07:00,0,14
index.html,3,html,864a8002,Rita Zaarour,2025-10-02,17:31:52,-07:00,2025-10-02T17:31:52-07:00,0,4
index.html,4,html,864a8002,Rita Zaarour,2025-10-02,17:31:52,-07:00,2025-10-02T17:31:52-07:00,2,20
index.html,5,html,9f153373,Rita Zaarour,2025-10-02,21:16:48,-07:00,2025-10-02T21:16:48-07:00,2,68
index.html,6,html,864a8002,Rita Zaarour,2025-10-02,17:31:52,-07:00,2025-10-02T17:31:52-07:00,2,54
index.html,7,html,4dad94cd,Rita Zaarour,2025-10-27,11:34:22,-07:00,2025-10-27T11:34:22-07:00,2,57
index.html,8,html,4dad94cd,Rita Zaarour,2025-10-27,11:34:22,-07:00,2025-10-27T11:34:22-07:00,2,66
index.html,9,html,4dad94cd,Rita Zaarour,2025-10-27,11:34:22,-07:00,2025-10-27T11:34:22-07:00,2,183
index.html,10,html,0dbb89f4,Rita Zaarour,2025-10-02,21:06:09,-07:00,2025-10-02T21:06:09-07:00,2,38
index.html,11,html,864a8002,Rita Zaarour,2025-10-02,17:31:52,-07:00,2025-10-02T17:31:52-07:00,0,5
index.html,12,html,bcbabc5b,Rita Zaarour,2025-10-08,20:24:38,-07:00,2025-10-08T20:24:38-07:00,0,17
index.html,13,html,e7cd39ac,Rita Zaarour,2025-10-15,17:02:55,-07:00,2025-10-15T17:02:55-07:00,2,0
index.html,14,html,e7cd39ac,Rita Zaarour,2025-10-15,17:02:55,-07:00,2025-10-15T17:02:55-07:00,2,8
index.html,15,html,e7cd39ac,Rita Zaarour,2025-10-15,17:02:55,-07:00,2025-10-15T17:02:55-07:00,4,27
index.html,16,html,88a80aff,Rita Zaarour,2025-10-06,21:43:17,-07:00,2025-10-06T21:43:17-07:00,4,40
index.html,17,html,88a80aff,Rita Zaarour,2025-10-06,21:43:17,-07:00,2025-10-06T21:43:17-07:00,4,38
index.html,18,html,88a80aff,Rita Zaarour,2025-10-06,21:43:17,-07:00,2025-10-06T21:43:17-07:00,4,36
index.html,19,html,87e34f49,Rita Zaarour,2025-10-02,22:10:57,-07:00,2025-10-02T22:10:57-07:00,4,65
index.html,20,html,87e34f49,Rita Zaarour,2025-10-02,22:10:57,-07:00,2025-10-02T22:10:57-07:00,4,0
index.html,21,html,e7cd39ac,Rita Zaarour,2025-10-15,17:02:55,-07:00,2025-10-15T17:02:55-07:00,2,8
index.html,22,html,632ae501,Rita Zaarour,2025-10-15,21:08:20,-07:00,2025-10-15T21:08:20-07:00,0,0
index.html,23,html,52266f8b,Rita Zaarour,2025-10-06,21:26:17,-07:00,2025-10-06T21:26:17-07:00,2,20
index.html,24,html,561821a7,Rita Zaarour,2025-10-23,20:18:42,-07:00,2025-10-23T20:18:42-07:00,0,0
index.html,25,html,52266f8b,Rita Zaarour,2025-10-06,21:26:17,-07:00,2025-10-06T21:26:17-07:00,2,29
index.html,26,html,56769c7f,Rita Zaarour,2025-10-23,20:30:52,-07:00,2025-10-23T20:30:52-07:00,0,0
index.html,27,html,737915e4,Rita Zaarour,2025-10-23,20:15:20,-07:00,2025-10-23T20:15:20-07:00,2,22
index.html,28,html,56769c7f,Rita Zaarour,2025-10-23,20:30:52,-07:00,2025-10-23T20:30:52-07:00,2,26
index.html,29,html,52266f8b,Rita Zaarour,2025-10-06,21:26:17,-07:00,2025-10-06T21:26:17-07:00,0,0
index.html,30,html,52266f8b,Rita Zaarour,2025-10-06,21:26:17,-07:00,2025-10-06T21:26:17-07:00,2,92
index.html,31,html,eddc9849,Rita Zaarour,2025-10-23,21:39:31,-07:00,2025-10-23T21:39:31-07:00,2,0
index.html,32,html,eddc9849,Rita Zaarour,2025-10-23,21:39:31,-07:00,2025-10-23T21:39:31-07:00,2,22
index.html,33,html,eddc9849,Rita Zaarour,2025-10-23,21:39:31,-07:00,2025-10-23T21:39:31-07:00,2,28
index.html,34,html,eddc9849,Rita Zaarour,2025-10-23,21:39:31,-07:00,2025-10-23T21:39:31-07:00,2,0
index.html,35,html,56769c7f,Rita Zaarour,2025-10-23,20:30:52,-07:00,2025-10-23T20:30:52-07:00,2,47
index.html,36,html,56769c7f,Rita Zaarour,2025-10-23,20:30:52,-07:00,2025-10-23T20:30:52-07:00,2,52
index.html,37,html,864a8002,Rita Zaarour,2025-10-02,17:31:52,-07:00,2025-10-02T17:31:52-07:00,0,5
index.html,38,html,864a8002,Rita Zaarour,2025-10-02,17:31:52,-07:00,2025-10-02T17:31:52-07:00,0,5
global.js,1,js,d4896660,Rita Zaarour,2025-10-14,12:48:36,-07:00,2025-10-14T12:48:36-07:00,0,25
global.js,2,js,d4896660,Rita Zaarour,2025-10-14,12:48:36,-07:00,2025-10-14T12:48:36-07:00,0,0
global.js,3,js,d4896660,Rita Zaarour,2025-10-14,12:48:36,-07:00,2025-10-14T12:48:36-07:00,0,41
global.js,4,js,d4896660,Rita Zaarour,2025-10-14,12:48:36,-07:00,2025-10-14T12:48:36-07:00,1,52
global.js,5,js,d4896660,Rita Zaarour,2025-10-14,12:48:36,-07:00,2025-10-14T12:48:36-07:00,0,0
global.js,6,js,e7cd39ac,Rita Zaarour,2025-10-15,17:02:55,-07:00,2025-10-15T17:02:55-07:00,0,0
global.js,7,js,e7cd39ac,Rita Zaarour,2025-10-15,17:02:55,-07:00,2025-10-15T17:02:55-07:00,0,15
global.js,8,js,e7cd39ac,Rita Zaarour,2025-10-15,17:02:55,-07:00,2025-10-15T17:02:55-07:00,1,68
global.js,9,js,e7cd39ac,Rita Zaarour,2025-10-15,17:02:55,-07:00,2025-10-15T17:02:55-07:00,2,3
global.js,10,js,e61de171,Rita Zaarour,2025-10-15,17:36:48,-07:00,2025-10-15T17:36:48-07:00,2,22
global.js,11,js,e7cd39ac,Rita Zaarour,2025-10-15,17:02:55,-07:00,2025-10-15T17:02:55-07:00,0,0
global.js,12,js,e7cd39ac,Rita Zaarour,2025-10-15,17:02:55,-07:00,2025-10-15T17:02:55-07:00,0,11
global.js,13,js,e7cd39ac,Rita Zaarour,2025-10-15,17:02:55,-07:00,2025-10-15T17:02:55-07:00,1,25
global.js,14,js,e7cd39ac,Rita Zaarour,2025-10-15,17:02:55,-07:00,2025-10-15T17:02:55-07:00,1,38
global.js,15,js,e7cd39ac,Rita Zaarour,2025-10-15,17:02:55,-07:00,2025-10-15T17:02:55-07:00,1,36
global.js,16,js,e7cd39ac,Rita Zaarour,2025-10-15,17:02:55,-07:00,2025-10-15T17:02:55-07:00,1,34
global.js,17,js,e7cd39ac,Rita Zaarour,2025-10-15,17:02:55,-07:00,2025-10-15T17:02:55-07:00,1,57
global.js,18,js,e7cd39ac,Rita Zaarour,2025-10-15,17:02:55,-07:00,2025-10-15T17:02:55-07:00,0,0
global.js,19,js,e7cd39ac,Rita Zaarour,2025-10-15,17:02:55,-07:00,2025-10-15T17:02:55-07:00,0,0
global.js,20,js,e7cd39ac,Rita Zaarour,2025-10-15,17:02:55,-07:00,2025-10-15T17:02:55-07:00,0,38
global.js,21,js,e7cd39ac,Rita Zaarour,2025-10-15,17:02:55,-07:00,2025-10-15T17:02:55-07:00,0,25
global.js,22,js,e7cd39ac,Rita Zaarour,2025-10-15,17:02:55,-07:00,2025-10-15T17:02:55-07:00,0,0
global.js,23,js,e7cd39ac,Rita Zaarour,2025-10-15,17:02:55,-07:00,2025-10-15T17:02:55-07:00,0,20
global.js,24,js,e7cd39ac,Rita Zaarour,2025-10-15,17:02:55,-07:00,2025-10-15T17:02:55-07:00,1,14
global.js,25,js,e7cd39ac,Rita Zaarour,2025-10-15,17:02:55,-07:00,2025-10-15T17:02:55-07:00,1,18
global.js,26,js,e7cd39ac,Rita Zaarour,2025-10-15,17:02:55,-07:00,2025-10-15T17:02:55-07:00,0,0
global.js,27,js,e7cd39ac,Rita Zaarour,2025-10-15,17:02:55,-07:00,2025-10-15T17:02:55-07:00,1,52
global.js,28,js,8f8e4d7a,Rita Zaarour,2025-10-15,17:12:26,-07:00,2025-10-15T17:12:26-07:00,0,0
global.js,29,js,8f8e4d7a,Rita Zaarour,2025-10-15,17:12:26,-07:00,2025-10-15T17:12:26-07:00,1,34
global.js,30,js,8f8e4d7a,Rita Zaarour,2025-10-15,17:12:26,-07:00,2025-10-15T17:12:26-07:00,1,11
global.js,31,js,8f8e4d7a,Rita Zaarour,2025-10-15,17:12:26,-07:00,2025-10-15T17:12:26-07:00,1,20
global.js,32,js,590a73b4,Rita Zaarour,2025-10-15,17:29:34,-07:00,2025-10-15T17:29:34-07:00,0,0
global.js,33,js,590a73b4,Rita Zaarour,2025-10-15,17:29:34,-07:00,2025-10-15T17:29:34-07:00,1,29
global.js,34,js,590a73b4,Rita Zaarour,2025-10-15,17:29:34,-07:00,2025-10-15T17:29:34-07:00,2,18
global.js,35,js,ad59e045,Rita Zaarour,2025-10-15,17:32:21,-07:00,2025-10-15T17:32:21-07:00,1,0
global.js,36,js,8f8e4d7a,Rita Zaarour,2025-10-15,17:12:26,-07:00,2025-10-15T17:12:26-07:00,1,12
global.js,37,js,590a73b4,Rita Zaarour,2025-10-15,17:29:34,-07:00,2025-10-15T17:29:34-07:00,0,0
global.js,38,js,590a73b4,Rita Zaarour,2025-10-15,17:29:34,-07:00,2025-10-15T17:29:34-07:00,0,0
global.js,39,js,590a73b4,Rita Zaarour,2025-10-15,17:29:34,-07:00,2025-10-15T17:29:34-07:00,0,25
global.js,40,js,590a73b4,Rita Zaarour,2025-10-15,17:29:34,-07:00,2025-10-15T17:29:34-07:00,0,0
global.js,41,js,590a73b4,Rita Zaarour,2025-10-15,17:29:34,-07:00,2025-10-15T17:29:34-07:00,0,30
global.js,42,js,590a73b4,Rita Zaarour,2025-10-15,17:29:34,-07:00,2025-10-15T17:29:34-07:00,1,65
global.js,43,js,590a73b4,Rita Zaarour,2025-10-15,17:29:34,-07:00,2025-10-15T17:29:34-07:00,0,0
global.js,44,js,590a73b4,Rita Zaarour,2025-10-15,17:29:34,-07:00,2025-10-15T17:29:34-07:00,0,0
global.js,45,js,996dd835,Rita Zaarour,2025-10-15,21:22:04,-07:00,2025-10-15T21:22:04-07:00,0,36
global.js,46,js,21cbf89e,Rita Zaarour,2025-10-15,21:48:26,-07:00,2025-10-15T21:48:26-07:00,0,0
global.js,47,js,21cbf89e,Rita Zaarour,2025-10-15,21:48:26,-07:00,2025-10-15T21:48:26-07:00,0,31
global.js,48,js,21cbf89e,Rita Zaarour,2025-10-15,21:48:26,-07:00,2025-10-15T21:48:26-07:00,1,11
global.js,49,js,21cbf89e,Rita Zaarour,2025-10-15,21:48:26,-07:00,2025-10-15T21:48:26-07:00,1,0
global.js,50,js,21cbf89e,Rita Zaarour,2025-10-15,21:48:26,-07:00,2025-10-15T21:48:26-07:00,0,26
global.js,51,js,21cbf89e,Rita Zaarour,2025-10-15,21:48:26,-07:00,2025-10-15T21:48:26-07:00,0,4
global.js,52,js,21cbf89e,Rita Zaarour,2025-10-15,21:48:26,-07:00,2025-10-15T21:48:26-07:00,0,6
global.js,53,js,21cbf89e,Rita Zaarour,2025-10-15,21:48:26,-07:00,2025-10-15T21:48:26-07:00,0,43
global.js,54,js,21cbf89e,Rita Zaarour,2025-10-15,21:48:26,-07:00,2025-10-15T21:48:26-07:00,6,34
global.js,55,js,21cbf89e,Rita Zaarour,2025-10-15,21:48:26,-07:00,2025-10-15T21:48:26-07:00,6,32
global.js,56,js,21cbf89e,Rita Zaarour,2025-10-15,21:48:26,-07:00,2025-10-15T21:48:26-07:00,0,7
global.js,57,js,21cbf89e,Rita Zaarour,2025-10-15,21:48:26,-07:00,2025-10-15T21:48:26-07:00,0,8
global.js,58,js,7b0a53ab,Rita Zaarour,2025-10-15,21:50:43,-07:00,2025-10-15T21:50:43-07:00,0,0
global.js,59,js,7b0a53ab,Rita Zaarour,2025-10-15,21:50:43,-07:00,2025-10-15T21:50:43-07:00,0,0
global.js,60,js,b2ec1874,Rita Zaarour,2025-10-15,22:06:54,-07:00,2025-10-15T22:06:54-07:00,0,60
global.js,61,js,75d68075,Rita Zaarour,2025-10-17,08:53:19,-07:00,2025-10-17T08:53:19-07:00,0,0
global.js,62,js,b2ec1874,Rita Zaarour,2025-10-15,22:06:54,-07:00,2025-10-15T22:06:54-07:00,0,43
global.js,63,js,75d68075,Rita Zaarour,2025-10-17,08:53:19,-07:00,2025-10-17T08:53:19-07:00,1,31
global.js,64,js,75d68075,Rita Zaarour,2025-10-17,08:53:19,-07:00,2025-10-17T08:53:19-07:00,1,44
global.js,65,js,75d68075,Rita Zaarour,2025-10-17,08:53:19,-07:00,2025-10-17T08:53:19-07:00,0,0
global.js,66,js,75d68075,Rita Zaarour,2025-10-17,08:53:19,-07:00,2025-10-17T08:53:19-07:00,1,64
global.js,67,js,75d68075,Rita Zaarour,2025-10-17,08:53:19,-07:00,2025-10-17T08:53:19-07:00,1,31
global.js,68,js,75d68075,Rita Zaarour,2025-10-17,08:53:19,-07:00,2025-10-17T08:53:19-07:00,0,1
global.js,69,js,75d68075,Rita Zaarour,2025-10-17,08:53:19,-07:00,2025-10-17T08:53:19-07:00,0,0
global.js,70,js,75d68075,Rita Zaarour,2025-10-17,08:53:19,-07:00,2025-10-17T08:53:19-07:00,0,34
global.js,71,js,75d68075,Rita Zaarour,2025-10-17,08:53:19,-07:00,2025-10-17T08:53:19-07:00,1,37
global.js,72,js,75d68075,Rita Zaarour,2025-10-17,08:53:19,-07:00,2025-10-17T08:53:19-07:00,1,64
global.js,73,js,75d68075,Rita Zaarour,2025-10-17,08:53:19,-07:00,2025-10-17T08:53:19-07:00,1,19
global.js,74,js,459ea016,Rita Zaarour,2025-10-21,14:59:40,-07:00,2025-10-21T14:59:40-07:00,0,0
global.js,75,js,459ea016,Rita Zaarour,2025-10-21,14:59:40,-07:00,2025-10-21T14:59:40-07:00,0,0
global.js,76,js,459ea016,Rita Zaarour,2025-10-21,14:59:40,-07:00,2025-10-21T14:59:40-07:00,0,36
global.js,77,js,459ea016,Rita Zaarour,2025-10-21,14:59:40,-07:00,2025-10-21T14:59:40-07:00,1,3
global.js,78,js,459ea016,Rita Zaarour,2025-10-21,14:59:40,-07:00,2025-10-21T14:59:40-07:00,2,32
global.js,79,js,459ea016,Rita Zaarour,2025-10-21,14:59:40,-07:00,2025-10-21T14:59:40-07:00,2,20
global.js,80,js,459ea016,Rita Zaarour,2025-10-21,14:59:40,-07:00,2025-10-21T14:59:40-07:00,0,0
global.js,81,js,459ea016,Rita Zaarour,2025-10-21,14:59:40,-07:00,2025-10-21T14:59:40-07:00,2,17
global.js,82,js,459ea016,Rita Zaarour,2025-10-21,14:59:40,-07:00,2025-10-21T14:59:40-07:00,3,66
global.js,83,js,459ea016,Rita Zaarour,2025-10-21,14:59:40,-07:00,2025-10-21T14:59:40-07:00,2,0
global.js,84,js,459ea016,Rita Zaarour,2025-10-21,14:59:40,-07:00,2025-10-21T14:59:40-07:00,0,0
global.js,85,js,459ea016,Rita Zaarour,2025-10-21,14:59:40,-07:00,2025-10-21T14:59:40-07:00,2,33
global.js,86,js,459ea016,Rita Zaarour,2025-10-21,14:59:40,-07:00,2025-10-21T14:59:40-07:00,2,10
global.js,87,js,459ea016,Rita Zaarour,2025-10-21,14:59:40,-07:00,2025-10-21T14:59:40-07:00,1,15
global.js,88,js,459ea016,Rita Zaarour,2025-10-21,14:59:40,-07:00,2025-10-21T14:59:40-07:00,2,59
global.js,89,js,459ea016,Rita Zaarour,2025-10-21,14:59:40,-07:00,2025-10-21T14:59:40-07:00,1,0
global.js,90,js,2d3dd3db,Rita Zaarour,2025-10-21,16:20:35,-07:00,2025-10-21T16:20:35-07:00,0,0
global.js,91,js,2d3dd3db,Rita Zaarour,2025-10-21,16:20:35,-07:00,2025-10-21T16:20:35-07:00,0,0
global.js,92,js,d79ef237,Rita Zaarour,2025-10-23,20:02:44,-07:00,2025-10-23T20:02:44-07:00,0,79
global.js,93,js,2d3dd3db,Rita Zaarour,2025-10-21,16:20:35,-07:00,2025-10-21T16:20:35-07:00,1,30
global.js,94,js,4af3d358,Rita Zaarour,2025-10-21,20:59:13,-07:00,2025-10-21T20:59:13-07:00,0,0
global.js,95,js,d79ef237,Rita Zaarour,2025-10-23,20:02:44,-07:00,2025-10-23T20:02:44-07:00,1,27
global.js,96,js,d79ef237,Rita Zaarour,2025-10-23,20:02:44,-07:00,2025-10-23T20:02:44-07:00,2,48
global.js,97,js,d79ef237,Rita Zaarour,2025-10-23,20:02:44,-07:00,2025-10-23T20:02:44-07:00,2,19
global.js,98,js,d79ef237,Rita Zaarour,2025-10-23,20:02:44,-07:00,2025-10-23T20:02:44-07:00,3,49
global.js,99,js,d79ef237,Rita Zaarour,2025-10-23,20:02:44,-07:00,2025-10-23T20:02:44-07:00,3,49
global.js,100,js,0e475d59,Rita Zaarour,2025-10-27,20:52:15,-07:00,2025-10-27T20:52:15-07:00,3,27
global.js,101,js,0e475d59,Rita Zaarour,2025-10-27,20:52:15,-07:00,2025-10-27T20:52:15-07:00,4,27
global.js,102,js,0e475d59,Rita Zaarour,2025-10-27,20:52:15,-07:00,2025-10-27T20:52:15-07:00,4,29
global.js,103,js,0e475d59,Rita Zaarour,2025-10-27,20:52:15,-07:00,2025-10-27T20:52:15-07:00,3,4
global.js,104,js,d79ef237,Rita Zaarour,2025-10-23,20:02:44,-07:00,2025-10-23T20:02:44-07:00,2,0
global.js,105,js,d79ef237,Rita Zaarour,2025-10-23,20:02:44,-07:00,2025-10-23T20:02:44-07:00,2,36
global.js,106,js,d79ef237,Rita Zaarour,2025-10-23,20:02:44,-07:00,2025-10-23T20:02:44-07:00,1,1
global.js,107,js,daa10d2f,Rita Zaarour,2025-10-21,16:24:19,-07:00,2025-10-21T16:24:19-07:00,0,0
global.js,108,js,eddc9849,Rita Zaarour,2025-10-23,21:39:31,-07:00,2025-10-23T21:39:31-07:00,0,0
global.js,109,js,eddc9849,Rita Zaarour,2025-10-23,21:39:31,-07:00,2025-10-23T21:39:31-07:00,0,47
global.js,110,js,eddc9849,Rita Zaarour,2025-10-23,21:39:31,-07:00,2025-10-23T21:39:31-07:00,1,59
global.js,111,js,eddc9849,Rita Zaarour,2025-10-23,21:39:31,-07:00,2025-10-23T21:39:31-07:00,0,0
resume/index.html,1,html,98559658,Rita Zaarour,2025-10-02,22:07:04,-07:00,2025-10-02T22:07:04-07:00,0,13
resume/index.html,2,html,98559658,Rita Zaarour,2025-10-02,22:07:04,-07:00,2025-10-02T22:07:04-07:00,0,14
resume/index.html,3,html,98559658,Rita Zaarour,2025-10-02,22:07:04,-07:00,2025-10-02T22:07:04-07:00,0,4
resume/index.html,4,html,98559658,Rita Zaarour,2025-10-02,22:07:04,-07:00,2025-10-02T22:07:04-07:00,2,20
resume/index.html,5,html,98559658,Rita Zaarour,2025-10-02,22:07:04,-07:00,2025-10-02T22:07:04-07:00,2,68
resume/index.html,6,html,98559658,Rita Zaarour,2025-10-02,22:07:04,-07:00,2025-10-02T22:07:04-07:00,2,34
resume/index.html,7,html,98559658,Rita Zaarour,2025-10-02,22:07:04,-07:00,2025-10-02T22:07:04-07:00,2,41
resume/index.html,8,html,98559658,Rita Zaarour,2025-10-02,22:07:04,-07:00,2025-10-02T22:07:04-07:00,0,5
resume/index.html,9,html,17aa5154,Rita Zaarour,2025-10-09,10:07:40,-07:00,2025-10-09T10:07:40-07:00,0,19
resume/index.html,10,html,e7cd39ac,Rita Zaarour,2025-10-15,17:02:55,-07:00,2025-10-15T17:02:55-07:00,2,0
resume/index.html,11,html,e7cd39ac,Rita Zaarour,2025-10-15,17:02:55,-07:00,2025-10-15T17:02:55-07:00,2,8
resume/index.html,12,html,88a80aff,Rita Zaarour,2025-10-06,21:43:17,-07:00,2025-10-06T21:43:17-07:00,4,30
resume/index.html,13,html,88a80aff,Rita Zaarour,2025-10-06,21:43:17,-07:00,2025-10-06T21:43:17-07:00,4,43
resume/index.html,14,html,88a80aff,Rita Zaarour,2025-10-06,21:43:17,-07:00,2025-10-06T21:43:17-07:00,4,41
resume/index.html,15,html,40f73bde,Rita Zaarour,2025-10-06,21:50:54,-07:00,2025-10-06T21:50:54-07:00,4,52
resume/index.html,16,html,98559658,Rita Zaarour,2025-10-02,22:07:04,-07:00,2025-10-02T22:07:04-07:00,4,65
resume/index.html,17,html,52266f8b,Rita Zaarour,2025-10-06,21:26:17,-07:00,2025-10-06T21:26:17-07:00,4,0
resume/index.html,18,html,e7cd39ac,Rita Zaarour,2025-10-15,17:02:55,-07:00,2025-10-15T17:02:55-07:00,2,8
resume/index.html,19,html,e7cd39ac,Rita Zaarour,2025-10-15,17:02:55,-07:00,2025-10-15T17:02:55-07:00,2,0
resume/index.html,20,html,88a80aff,Rita Zaarour,2025-10-06,21:43:17,-07:00,2025-10-06T21:43:17-07:00,0,0
resume/index.html,21,html,ec5f0d35,Rita Zaarour,2025-10-09,22:35:52,-07:00,2025-10-09T22:35:52-07:00,2,19
resume/index.html,22,html,ec5f0d35,Rita Zaarour,2025-10-09,22:35:52,-07:00,2025-10-09T22:35:52-07:00,2,60
resume/index.html,23,html,c9fdf83b,Rita Zaarour,2025-10-14,14:34:53,-07:00,2025-10-14T14:34:53-07:00,2,0
resume/index.html,24,html,17aa5154,Rita Zaarour,2025-10-09,10:07:40,-07:00,2025-10-09T10:07:40-07:00,2,7
resume/index.html,25,html,17aa5154,Rita Zaarour,2025-10-09,10:07:40,-07:00,2025-10-09T10:07:40-07:00,4,6
resume/index.html,26,html,17aa5154,Rita Zaarour,2025-10-09,10:07:40,-07:00,2025-10-09T10:07:40-07:00,6,14
resume/index.html,27,html,6d653e5c,Rita Zaarour,2025-10-09,14:45:22,-07:00,2025-10-09T14:45:22-07:00,6,2
resume/index.html,28,html,17aa5154,Rita Zaarour,2025-10-09,10:07:40,-07:00,2025-10-09T10:07:40-07:00,4,7
resume/index.html,29,html,17aa5154,Rita Zaarour,2025-10-09,10:07:40,-07:00,2025-10-09T10:07:40-07:00,4,7
resume/index.html,30,html,17aa5154,Rita Zaarour,2025-10-09,10:07:40,-07:00,2025-10-09T10:07:40-07:00,6,199
resume/index.html,31,html,17aa5154,Rita Zaarour,2025-10-09,10:07:40,-07:00,2025-10-09T10:07:40-07:00,4,8
resume/index.html,32,html,17aa5154,Rita Zaarour,2025-10-09,10:07:40,-07:00,2025-10-09T10:07:40-07:00,2,8
resume/index.html,33,html,17aa5154,Rita Zaarour,2025-10-09,10:07:40,-07:00,2025-10-09T10:07:40-07:00,0,0
resume/index.html,34,html,17aa5154,Rita Zaarour,2025-10-09,10:07:40,-07:00,2025-10-09T10:07:40-07:00,2,7
resume/index.html,35,html,17aa5154,Rita Zaarour,2025-10-09,10:07:40,-07:00,2025-10-09T10:07:40-07:00,4,6
resume/index.html,36,html,17aa5154,Rita Zaarour,2025-10-09,10:07:40,-07:00,2025-10-09T10:07:40-07:00,6,13
resume/index.html,37,html,ec5f0d35,Rita Zaarour,2025-10-09,22:35:52,-07:00,2025-10-09T22:35:52-07:00,6,2
resume/index.html,38,html,17aa5154,Rita Zaarour,2025-10-09,10:07:40,-07:00,2025-10-09T10:07:40-07:00,4,7
resume/index.html,39,html,17aa5154,Rita Zaarour,2025-10-09,10:07:40,-07:00,2025-10-09T10:07:40-07:00,4,2
resume/index.html,40,html,c72fa546,Rita Zaarour,2025-10-10,09:40:12,-07:00,2025-10-10T09:40:12-07:00,6,111
resume/index.html,41,html,c72fa546,Rita Zaarour,2025-10-10,09:40:12,-07:00,2025-10-10T09:40:12-07:00,6,77
resume/index.html,42,html,c72fa546,Rita Zaarour,2025-10-10,09:40:12,-07:00,2025-10-10T09:40:12-07:00,6,116
resume/index.html,43,html,17aa5154,Rita Zaarour,2025-10-09,10:07:40,-07:00,2025-10-09T10:07:40-07:00,4,3
resume/index.html,44,html,17aa5154,Rita Zaarour,2025-10-09,10:07:40,-07:00,2025-10-09T10:07:40-07:00,2,8
resume/index.html,45,html,17aa5154,Rita Zaarour,2025-10-09,10:07:40,-07:00,2025-10-09T10:07:40-07:00,0,0
resume/index.html,46,html,98559658,Rita Zaarour,2025-10-02,22:07:04,-07:00,2025-10-02T22:07:04-07:00,2,7
resume/index.html,47,html,98559658,Rita Zaarour,2025-10-02,22:07:04,-07:00,2025-10-02T22:07:04-07:00,4,6
resume/index.html,48,html,98559658,Rita Zaarour,2025-10-02,22:07:04,-07:00,2025-10-02T22:07:04-07:00,6,16
resume/index.html,49,html,ec5f0d35,Rita Zaarour,2025-10-09,22:35:52,-07:00,2025-10-09T22:35:52-07:00,6,2
resume/index.html,50,html,98559658,Rita Zaarour,2025-10-02,22:07:04,-07:00,2025-10-02T22:07:04-07:00,4,7
resume/index.html,51,html,98559658,Rita Zaarour,2025-10-02,22:07:04,-07:00,2025-10-02T22:07:04-07:00,4,7
resume/index.html,52,html,3024ccdc,Rita Zaarour,2025-10-10,09:30:47,-07:00,2025-10-10T09:30:47-07:00,6,90
resume/index.html,53,html,17aa5154,Rita Zaarour,2025-10-09,10:07:40,-07:00,2025-10-09T10:07:40-07:00,6,40
resume/index.html,54,html,c72fa546,Rita Zaarour,2025-10-10,09:40:12,-07:00,2025-10-10T09:40:12-07:00,6,2
resume/index.html,55,html,d646b5fd,Rita Zaarour,2025-10-10,12:44:34,-07:00,2025-10-10T12:44:34-07:00,8,129
resume/index.html,56,html,c72fa546,Rita Zaarour,2025-10-10,09:40:12,-07:00,2025-10-10T09:40:12-07:00,6,3
resume/index.html,57,html,98559658,Rita Zaarour,2025-10-02,22:07:04,-07:00,2025-10-02T22:07:04-07:00,4,8
resume/index.html,58,html,98559658,Rita Zaarour,2025-10-02,22:07:04,-07:00,2025-10-02T22:07:04-07:00,4,7
resume/index.html,59,html,98559658,Rita Zaarour,2025-10-02,22:07:04,-07:00,2025-10-02T22:07:04-07:00,6,35
resume/index.html,60,html,98559658,Rita Zaarour,2025-10-02,22:07:04,-07:00,2025-10-02T22:07:04-07:00,6,58
resume/index.html,61,html,17aa5154,Rita Zaarour,2025-10-09,10:07:40,-07:00,2025-10-09T10:07:40-07:00,6,52
resume/index.html,62,html,c72fa546,Rita Zaarour,2025-10-10,09:40:12,-07:00,2025-10-10T09:40:12-07:00,6,2
resume/index.html,63,html,d646b5fd,Rita Zaarour,2025-10-10,12:44:34,-07:00,2025-10-10T12:44:34-07:00,8,49
resume/index.html,64,html,d646b5fd,Rita Zaarour,2025-10-10,12:44:34,-07:00,2025-10-10T12:44:34-07:00,6,3
resume/index.html,65,html,98559658,Rita Zaarour,2025-10-02,22:07:04,-07:00,2025-10-02T22:07:04-07:00,4,8
resume/index.html,66,html,98559658,Rita Zaarour,2025-10-02,22:07:04,-07:00,2025-10-02T22:07:04-07:00,4,7
resume/index.html,67,html,98559658,Rita Zaarour,2025-10-02,22:07:04,-07:00,2025-10-02T22:07:04-07:00,6,17
resume/index.html,68,html,98559658,Rita Zaarour,2025-10-02,22:07:04,-07:00,2025-10-02T22:07:04-07:00,6,57
resume/index.html,69,html,17aa5154,Rita Zaarour,2025-10-09,10:07:40,-07:00,2025-10-09T10:07:40-07:00,6,38
resume/index.html,70,html,98559658,Rita Zaarour,2025-10-02,22:07:04,-07:00,2025-10-02T22:07:04-07:00,4,8
resume/index.html,71,html,98559658,Rita Zaarour,2025-10-02,22:07:04,-07:00,2025-10-02T22:07:04-07:00,2,8
resume/index.html,72,html,98559658,Rita Zaarour,2025-10-02,22:07:04,-07:00,2025-10-02T22:07:04-07:00,0,0
resume/index.html,73,html,98559658,Rita Zaarour,2025-10-02,22:07:04,-07:00,2025-10-02T22:07:04-07:00,2,7
resume/index.html,74,html,98559658,Rita Zaarour,2025-10-02,22:07:04,-07:00,2025-10-02T22:07:04-07:00,4,6
resume/index.html,75,html,98559658,Rita Zaarour,2025-10-02,22:07:04,-07:00,2025-10-02T22:07:04-07:00,6,17
resume/index.html,76,html,ec5f0d35,Rita Zaarour,2025-10-09,22:35:52,-07:00,2025-10-09T22:35:52-07:00,6,2
resume/index.html,77,html,98559658,Rita Zaarour,2025-10-02,22:07:04,-07:00,2025-10-02T22:07:04-07:00,4,7
resume/index.html,78,html,98559658,Rita Zaarour,2025-10-02,22:07:04,-07:00,2025-10-02T22:07:04-07:00,4,7
resume/index.html,79,html,98559658,Rita Zaarour,2025-10-02,22:07:04,-07:00,2025-10-02T22:07:04-07:00,6,42
resume/index.html,80,html,98559658,Rita Zaarour,2025-10-02,22:07:04,-07:00,2025-10-02T22:07:04-07:00,6,58
resume/index.html,81,html,17aa5154,Rita Zaarour,2025-10-09,10:07:40,-07:00,2025-10-09T10:07:40-07:00,6,52
resume/index.html,82,html,98559658,Rita Zaarour,2025-10-02,22:07:04,-07:00,2025-10-02T22:07:04-07:00,6,2
resume/index.html,83,html,98559658,Rita Zaarour,2025-10-02,22:07:04,-07:00,2025-10-02T22:07:04-07:00,8,129
resume/index.html,84,html,98559658,Rita Zaarour,2025-10-02,22:07:04,-07:00,2025-10-02T22:07:04-07:00,8,113
resume/index.html,85,html,98559658,Rita Zaarour,2025-10-02,22:07:04,-07:00,2025-10-02T22:07:04-07:00,6,3
resume/index.html,86,html,98559658,Rita Zaarour,2025-10-02,22:07:04,-07:00,2025-10-02T22:07:04-07:00,4,8
resume/index.html,87,html,98559658,Rita Zaarour,2025-10-02,22:07:04,-07:00,2025-10-02T22:07:04-07:00,4,7
resume/index.html,88,html,98559658,Rita Zaarour,2025-10-02,22:07:04,-07:00,2025-10-02T22:07:04-07:00,6,19
resume/index.html,89,html,98559658,Rita Zaarour,2025-10-02,22:07:04,-07:00,2025-10-02T22:07:04-07:00,6,58
resume/index.html,90,html,17aa5154,Rita Zaarour,2025-10-09,10:07:40,-07:00,2025-10-09T10:07:40-07:00,6,27
resume/index.html,91,html,98559658,Rita Zaarour,2025-10-02,22:07:04,-07:00,2025-10-02T22:07:04-07:00,6,2
resume/index.html,92,html,98559658,Rita Zaarour,2025-10-02,22:07:04,-07:00,2025-10-02T22:07:04-07:00,8,112
resume/index.html,93,html,98559658,Rita Zaarour,2025-10-02,22:07:04,-07:00,2025-10-02T22:07:04-07:00,8,134
resume/index.html,94,html,98559658,Rita Zaarour,2025-10-02,22:07:04,-07:00,2025-10-02T22:07:04-07:00,6,3
resume/index.html,95,html,98559658,Rita Zaarour,2025-10-02,22:07:04,-07:00,2025-10-02T22:07:04-07:00,4,8
resume/index.html,96,html,98559658,Rita Zaarour,2025-10-02,22:07:04,-07:00,2025-10-02T22:07:04-07:00,4,7
resume/index.html,97,html,98559658,Rita Zaarour,2025-10-02,22:07:04,-07:00,2025-10-02T22:07:04-07:00,6,23
resume/index.html,98,html,98559658,Rita Zaarour,2025-10-02,22:07:04,-07:00,2025-10-02T22:07:04-07:00,6,53
resume/index.html,99,html,17aa5154,Rita Zaarour,2025-10-09,10:07:40,-07:00,2025-10-09T10:07:40-07:00,6,47
resume/index.html,100,html,98559658,Rita Zaarour,2025-10-02,22:07:04,-07:00,2025-10-02T22:07:04-07:00,6,2
resume/index.html,101,html,98559658,Rita Zaarour,2025-10-02,22:07:04,-07:00,2025-10-02T22:07:04-07:00,8,98
resume/index.html,102,html,98559658,Rita Zaarour,2025-10-02,22:07:04,-07:00,2025-10-02T22:07:04-07:00,8,105
resume/index.html,103,html,98559658,Rita Zaarour,2025-10-02,22:07:04,-07:00,2025-10-02T22:07:04-07:00,6,3
resume/index.html,104,html,98559658,Rita Zaarour,2025-10-02,22:07:04,-07:00,2025-10-02T22:07:04-07:00,4,8
resume/index.html,105,html,98559658,Rita Zaarour,2025-10-02,22:07:04,-07:00,2025-10-02T22:07:04-07:00,2,8
resume/index.html,106,html,98559658,Rita Zaarour,2025-10-02,22:07:04,-07:00,2025-10-02T22:07:04-07:00,0,0
resume/index.html,107,html,98559658,Rita Zaarour,2025-10-02,22:07:04,-07:00,2025-10-02T22:07:04-07:00,2,7
resume/index.html,108,html,98559658,Rita Zaarour,2025-10-02,22:07:04,-07:00,2025-10-02T22:07:04-07:00,4,6
resume/index.html,109,html,98559658,Rita Zaarour,2025-10-02,22:07:04,-07:00,2025-10-02T22:07:04-07:00,6,29
resume/index.html,110,html,ec5f0d35,Rita Zaarour,2025-10-09,22:35:52,-07:00,2025-10-09T22:35:52-07:00,6,2
resume/index.html,111,html,98559658,Rita Zaarour,2025-10-02,22:07:04,-07:00,2025-10-02T22:07:04-07:00,4,7
resume/index.html,112,html,98559658,Rita Zaarour,2025-10-02,22:07:04,-07:00,2025-10-02T22:07:04-07:00,4,7
resume/index.html,113,html,98559658,Rita Zaarour,2025-10-02,22:07:04,-07:00,2025-10-02T22:07:04-07:00,6,29
resume/index.html,114,html,98559658,Rita Zaarour,2025-10-02,22:07:04,-07:00,2025-10-02T22:07:04-07:00,6,13
resume/index.html,115,html,98559658,Rita Zaarour,2025-10-02,22:07:04,-07:00,2025-10-02T22:07:04-07:00,6,2
resume/index.html,116,html,98559658,Rita Zaarour,2025-10-02,22:07:04,-07:00,2025-10-02T22:07:04-07:00,8,75
resume/index.html,117,html,98559658,Rita Zaarour,2025-10-02,22:07:04,-07:00,2025-10-02T22:07:04-07:00,8,116
resume/index.html,118,html,98559658,Rita Zaarour,2025-10-02,22:07:04,-07:00,2025-10-02T22:07:04-07:00,6,3
resume/index.html,119,html,98559658,Rita Zaarour,2025-10-02,22:07:04,-07:00,2025-10-02T22:07:04-07:00,4,8
resume/index.html,120,html,98559658,Rita Zaarour,2025-10-02,22:07:04,-07:00,2025-10-02T22:07:04-07:00,4,7
resume/index.html,121,html,98559658,Rita Zaarour,2025-10-02,22:07:04,-07:00,2025-10-02T22:07:04-07:00,6,45
resume/index.html,122,html,98559658,Rita Zaarour,2025-10-02,22:07:04,-07:00,2025-10-02T22:07:04-07:00,6,52
resume/index.html,123,html,98559658,Rita Zaarour,2025-10-02,22:07:04,-07:00,2025-10-02T22:07:04-07:00,6,2
resume/index.html,124,html,98559658,Rita Zaarour,2025-10-02,22:07:04,-07:00,2025-10-02T22:07:04-07:00,8,64
resume/index.html,125,html,98559658,Rita Zaarour,2025-10-02,22:07:04,-07:00,2025-10-02T22:07:04-07:00,8,93
resume/index.html,126,html,98559658,Rita Zaarour,2025-10-02,22:07:04,-07:00,2025-10-02T22:07:04-07:00,6,3
resume/index.html,127,html,98559658,Rita Zaarour,2025-10-02,22:07:04,-07:00,2025-10-02T22:07:04-07:00,4,8
resume/index.html,128,html,98559658,Rita Zaarour,2025-10-02,22:07:04,-07:00,2025-10-02T22:07:04-07:00,2,8
resume/index.html,129,html,c9fdf83b,Rita Zaarour,2025-10-14,14:34:53,-07:00,2025-10-14T14:34:53-07:00,2,48
resume/index.html,130,html,dc1a58de,Rita Zaarour,2025-10-14,12:54:44,-07:00,2025-10-14T12:54:44-07:00,0,5
projects/projects.js,1,js,2d3dd3db,Rita Zaarour,2025-10-21,16:20:35,-07:00,2025-10-21T16:20:35-07:00,0,55
projects/projects.js,2,js,2d3dd3db,Rita Zaarour,2025-10-21,16:20:35,-07:00,2025-10-21T16:20:35-07:00,0,0
projects/projects.js,3,js,d79ef237,Rita Zaarour,2025-10-23,20:02:44,-07:00,2025-10-23T20:02:44-07:00,0,55
projects/projects.js,4,js,d79ef237,Rita Zaarour,2025-10-23,20:02:44,-07:00,2025-10-23T20:02:44-07:00,0,0
projects/projects.js,5,js,d79ef237,Rita Zaarour,2025-10-23,20:02:44,-07:00,2025-10-23T20:02:44-07:00,0,61
projects/projects.js,6,js,737915e4,Rita Zaarour,2025-10-23,20:15:20,-07:00,2025-10-23T20:15:20-07:00,0,55
projects/projects.js,7,js,d79ef237,Rita Zaarour,2025-10-23,20:02:44,-07:00,2025-10-23T20:02:44-07:00,0,0
projects/projects.js,8,js,d79ef237,Rita Zaarour,2025-10-23,20:02:44,-07:00,2025-10-23T20:02:44-07:00,0,60
projects/projects.js,9,js,29b596ff,Rita Zaarour,2025-10-23,20:05:50,-07:00,2025-10-23T20:05:50-07:00,0,48
projects/projects.js,10,js,19e7d866,Rita Zaarour,2025-10-27,21:55:09,-07:00,2025-10-27T21:55:09-07:00,0,0
projects/projects.js,11,js,19e7d866,Rita Zaarour,2025-10-27,21:55:09,-07:00,2025-10-27T21:55:09-07:00,0,59
projects/projects.js,12,js,814df896,Rita Zaarour,2025-11-02,16:55:26,-08:00,2025-11-02T16:55:26-08:00,0,58
projects/projects.js,13,js,19e7d866,Rita Zaarour,2025-10-27,21:55:09,-07:00,2025-10-27T21:55:09-07:00,0,22
projects/projects.js,14,js,19e7d866,Rita Zaarour,2025-10-27,21:55:09,-07:00,2025-10-27T21:55:09-07:00,1,12
projects/projects.js,15,js,19e7d866,Rita Zaarour,2025-10-27,21:55:09,-07:00,2025-10-27T21:55:09-07:00,1,21
projects/projects.js,16,js,19e7d866,Rita Zaarour,2025-10-27,21:55:09,-07:00,2025-10-27T21:55:09-07:00,0,1
projects/projects.js,17,js,9df7bbc4,Rita Zaarour,2025-10-28,17:18:33,-07:00,2025-10-28T17:18:33-07:00,0,0
projects/projects.js,18,js,c2472a2b,Rita Zaarour,2025-10-30,21:14:43,-07:00,2025-10-30T21:14:43-07:00,0,24
projects/projects.js,19,js,47194ee6,Rita Zaarour,2025-10-30,19:57:54,-07:00,2025-10-30T19:57:54-07:00,0,26
projects/projects.js,20,js,47194ee6,Rita Zaarour,2025-10-30,19:57:54,-07:00,2025-10-30T19:57:54-07:00,1,7
projects/projects.js,21,js,47194ee6,Rita Zaarour,2025-10-30,19:57:54,-07:00,2025-10-30T19:57:54-07:00,1,14
projects/projects.js,22,js,47194ee6,Rita Zaarour,2025-10-30,19:57:54,-07:00,2025-10-30T19:57:54-07:00,1,12
projects/projects.js,23,js,47194ee6,Rita Zaarour,2025-10-30,19:57:54,-07:00,2025-10-30T19:57:54-07:00,0,0
projects/projects.js,24,js,965ee8c4,Rita Zaarour,2025-10-30,19:53:53,-07:00,2025-10-30T19:53:53-07:00,0,44
projects/projects.js,25,js,965ee8c4,Rita Zaarour,2025-10-30,19:53:53,-07:00,2025-10-30T19:53:53-07:00,1,35
projects/projects.js,26,js,965ee8c4,Rita Zaarour,2025-10-30,19:53:53,-07:00,2025-10-30T19:53:53-07:00,0,1
projects/projects.js,27,js,c7cbfacb,Rita Zaarour,2025-10-30,15:23:55,-07:00,2025-10-30T15:23:55-07:00,0,0
projects/projects.js,28,js,a1567329,Rita Zaarour,2025-10-28,20:06:26,-07:00,2025-10-28T20:06:26-07:00,0,50
projects/projects.js,29,js,eb62cbd2,Rita Zaarour,2025-10-28,17:51:59,-07:00,2025-10-28T17:51:59-07:00,0,33
projects/projects.js,30,js,9df7bbc4,Rita Zaarour,2025-10-28,17:18:33,-07:00,2025-10-28T17:18:33-07:00,0,45
projects/projects.js,31,js,5fd2f3ab,Rita Zaarour,2025-10-28,18:03:25,-07:00,2025-10-28T18:03:25-07:00,0,42
projects/projects.js,32,js,045abc1e,Rita Zaarour,2025-10-28,17:43:47,-07:00,2025-10-28T17:43:47-07:00,0,26
projects/projects.js,33,js,045abc1e,Rita Zaarour,2025-10-28,17:43:47,-07:00,2025-10-28T17:43:47-07:00,2,14
projects/projects.js,34,js,045abc1e,Rita Zaarour,2025-10-28,17:43:47,-07:00,2025-10-28T17:43:47-07:00,3,13
projects/projects.js,35,js,045abc1e,Rita Zaarour,2025-10-28,17:43:47,-07:00,2025-10-28T17:43:47-07:00,3,13
projects/projects.js,36,js,1b3c57e9,Rita Zaarour,2025-10-28,17:55:57,-07:00,2025-10-28T17:55:57-07:00,3,25
projects/projects.js,37,js,5fd2f3ab,Rita Zaarour,2025-10-28,18:03:25,-07:00,2025-10-28T18:03:25-07:00,0,1
projects/projects.js,38,js,57c9915f,Rita Zaarour,2025-10-28,21:55:02,-07:00,2025-10-28T21:55:02-07:00,0,0
projects/projects.js,39,js,57c9915f,Rita Zaarour,2025-10-28,21:55:02,-07:00,2025-10-28T21:55:02-07:00,0,6
projects/projects.js,40,js,57c9915f,Rita Zaarour,2025-10-28,21:55:02,-07:00,2025-10-28T21:55:02-07:00,0,32
projects/projects.js,41,js,57c9915f,Rita Zaarour,2025-10-28,21:55:02,-07:00,2025-10-28T21:55:02-07:00,0,24
projects/projects.js,42,js,814df896,Rita Zaarour,2025-11-02,16:55:26,-08:00,2025-11-02T16:55:26-08:00,2,4
projects/projects.js,43,js,814df896,Rita Zaarour,2025-11-02,16:55:26,-08:00,2025-11-02T16:55:26-08:00,3,11
projects/projects.js,44,js,814df896,Rita Zaarour,2025-11-02,16:55:26,-08:00,2025-11-02T16:55:26-08:00,3,38
projects/projects.js,45,js,814df896,Rita Zaarour,2025-11-02,16:55:26,-08:00,2025-11-02T16:55:26-08:00,3,27
projects/projects.js,46,js,814df896,Rita Zaarour,2025-11-02,16:55:26,-08:00,2025-11-02T16:55:26-08:00,3,69
projects/projects.js,47,js,57c9915f,Rita Zaarour,2025-10-28,21:55:02,-07:00,2025-10-28T21:55:02-07:00,0,1
projects/projects.js,48,js,c7cbfacb,Rita Zaarour,2025-10-30,15:23:55,-07:00,2025-10-30T15:23:55-07:00,0,0
projects/projects.js,49,js,1ecd458f,Rita Zaarour,2025-10-30,20:09:25,-07:00,2025-10-30T20:09:25-07:00,0,10
projects/projects.js,50,js,1ecd458f,Rita Zaarour,2025-10-30,20:09:25,-07:00,2025-10-30T20:09:25-07:00,0,13
projects/projects.js,51,js,1ecd458f,Rita Zaarour,2025-10-30,20:09:25,-07:00,2025-10-30T20:09:25-07:00,0,53
projects/projects.js,52,js,1ecd458f,Rita Zaarour,2025-10-30,20:09:25,-07:00,2025-10-30T20:09:25-07:00,0,49
projects/projects.js,53,js,1ecd458f,Rita Zaarour,2025-10-30,20:09:25,-07:00,2025-10-30T20:09:25-07:00,1,25
projects/projects.js,54,js,1ecd458f,Rita Zaarour,2025-10-30,20:09:25,-07:00,2025-10-30T20:09:25-07:00,1,51
projects/projects.js,55,js,1ecd458f,Rita Zaarour,2025-10-30,20:09:25,-07:00,2025-10-30T20:09:25-07:00,2,59
projects/projects.js,56,js,1ecd458f,Rita Zaarour,2025-10-30,20:09:25,-07:00,2025-10-30T20:09:25-07:00,2,42
projects/projects.js,57,js,1ecd458f,Rita Zaarour,2025-10-30,20:09:25,-07:00,2025-10-30T20:09:25-07:00,1,1
projects/projects.js,58,js,1ecd458f,Rita Zaarour,2025-10-30,20:09:25,-07:00,2025-10-30T20:09:25-07:00,1,56
projects/projects.js,59,js,4f75a39f,Rita Zaarour,2025-10-30,20:28:23,-07:00,2025-10-30T20:28:23-07:00,0,1
projects/projects.js,60,js,4f75a39f,Rita Zaarour,2025-10-30,20:28:23,-07:00,2025-10-30T20:28:23-07:00,0,0
projects/projects.js,61,js,4f75a39f,Rita Zaarour,2025-10-30,20:28:23,-07:00,2025-10-30T20:28:23-07:00,0,38
projects/projects.js,62,js,4f75a39f,Rita Zaarour,2025-10-30,20:28:23,-07:00,2025-10-30T20:28:23-07:00,1,29
projects/projects.js,63,js,4f75a39f,Rita Zaarour,2025-10-30,20:28:23,-07:00,2025-10-30T20:28:23-07:00,2,12
projects/projects.js,64,js,4f75a39f,Rita Zaarour,2025-10-30,20:28:23,-07:00,2025-10-30T20:28:23-07:00,2,14
projects/projects.js,65,js,4f75a39f,Rita Zaarour,2025-10-30,20:28:23,-07:00,2025-10-30T20:28:23-07:00,2,12
projects/projects.js,66,js,4f75a39f,Rita Zaarour,2025-10-30,20:28:23,-07:00,2025-10-30T20:28:23-07:00,1,0
projects/projects.js,67,js,4f75a39f,Rita Zaarour,2025-10-30,20:28:23,-07:00,2025-10-30T20:28:23-07:00,1,18
projects/projects.js,68,js,4f75a39f,Rita Zaarour,2025-10-30,20:28:23,-07:00,2025-10-30T20:28:23-07:00,1,50
projects/projects.js,69,js,4f75a39f,Rita Zaarour,2025-10-30,20:28:23,-07:00,2025-10-30T20:28:23-07:00,2,35
projects/projects.js,70,js,4f75a39f,Rita Zaarour,2025-10-30,20:28:23,-07:00,2025-10-30T20:28:23-07:00,1,1
projects/projects.js,71,js,4f75a39f,Rita Zaarour,2025-10-30,20:28:23,-07:00,2025-10-30T20:28:23-07:00,1,50
projects/projects.js,72,js,4f75a39f,Rita Zaarour,2025-10-30,20:28:23,-07:00,2025-10-30T20:28:23-07:00,1,53
projects/projects.js,73,js,4f75a39f,Rita Zaarour,2025-10-30,20:28:23,-07:00,2025-10-30T20:28:23-07:00,1,42
projects/projects.js,74,js,4f75a39f,Rita Zaarour,2025-10-30,20:28:23,-07:00,2025-10-30T20:28:23-07:00,1,51
projects/projects.js,75,js,6facf760,Rita Zaarour,2025-10-30,20:30:26,-07:00,2025-10-30T20:30:26-07:00,1,32
projects/projects.js,76,js,6facf760,Rita Zaarour,2025-10-30,20:30:26,-07:00,2025-10-30T20:30:26-07:00,1,42
projects/projects.js,77,js,6facf760,Rita Zaarour,2025-10-30,20:30:26,-07:00,2025-10-30T20:30:26-07:00,1,29
projects/projects.js,78,js,6facf760,Rita Zaarour,2025-10-30,20:30:26,-07:00,2025-10-30T20:30:26-07:00,1,54
projects/projects.js,79,js,615ddb13,Rita Zaarour,2025-10-30,20:34:49,-07:00,2025-10-30T20:34:49-07:00,1,25
projects/projects.js,80,js,6facf760,Rita Zaarour,2025-10-30,20:30:26,-07:00,2025-10-30T20:30:26-07:00,1,29
projects/projects.js,81,js,6facf760,Rita Zaarour,2025-10-30,20:30:26,-07:00,2025-10-30T20:30:26-07:00,2,14
projects/projects.js,82,js,6facf760,Rita Zaarour,2025-10-30,20:30:26,-07:00,2025-10-30T20:30:26-07:00,3,13
projects/projects.js,83,js,6facf760,Rita Zaarour,2025-10-30,20:30:26,-07:00,2025-10-30T20:30:26-07:00,3,13
projects/projects.js,84,js,6facf760,Rita Zaarour,2025-10-30,20:30:26,-07:00,2025-10-30T20:30:26-07:00,3,25
projects/projects.js,85,js,6facf760,Rita Zaarour,2025-10-30,20:30:26,-07:00,2025-10-30T20:30:26-07:00,1,1
projects/projects.js,86,js,6facf760,Rita Zaarour,2025-10-30,20:30:26,-07:00,2025-10-30T20:30:26-07:00,1,27
projects/projects.js,87,js,6facf760,Rita Zaarour,2025-10-30,20:30:26,-07:00,2025-10-30T20:30:26-07:00,2,18
projects/projects.js,88,js,6facf760,Rita Zaarour,2025-10-30,20:30:26,-07:00,2025-10-30T20:30:26-07:00,3,11
projects/projects.js,89,js,6facf760,Rita Zaarour,2025-10-30,20:30:26,-07:00,2025-10-30T20:30:26-07:00,3,38
projects/projects.js,90,js,6facf760,Rita Zaarour,2025-10-30,20:30:26,-07:00,2025-10-30T20:30:26-07:00,3,27
projects/projects.js,91,js,6facf760,Rita Zaarour,2025-10-30,20:30:26,-07:00,2025-10-30T20:30:26-07:00,3,69
projects/projects.js,92,js,6facf760,Rita Zaarour,2025-10-30,20:30:26,-07:00,2025-10-30T20:30:26-07:00,1,1
projects/projects.js,93,js,4f75a39f,Rita Zaarour,2025-10-30,20:28:23,-07:00,2025-10-30T20:28:23-07:00,0,0
projects/projects.js,94,js,4f75a39f,Rita Zaarour,2025-10-30,20:28:23,-07:00,2025-10-30T20:28:23-07:00,0,0
projects/projects.js,95,js,4f75a39f,Rita Zaarour,2025-10-30,20:28:23,-07:00,2025-10-30T20:28:23-07:00,0,32
projects/projects.js,96,js,4f75a39f,Rita Zaarour,2025-10-30,20:28:23,-07:00,2025-10-30T20:28:23-07:00,0,23
projects/projects.js,97,js,4f75a39f,Rita Zaarour,2025-10-30,20:28:23,-07:00,2025-10-30T20:28:23-07:00,0,0
projects/projects.js,98,js,4f75a39f,Rita Zaarour,2025-10-30,20:28:23,-07:00,2025-10-30T20:28:23-07:00,0,49
projects/projects.js,99,js,4f75a39f,Rita Zaarour,2025-10-30,20:28:23,-07:00,2025-10-30T20:28:23-07:00,1,50
projects/projects.js,100,js,4f75a39f,Rita Zaarour,2025-10-30,20:28:23,-07:00,2025-10-30T20:28:23-07:00,1,52
projects/projects.js,101,js,4f75a39f,Rita Zaarour,2025-10-30,20:28:23,-07:00,2025-10-30T20:28:23-07:00,1,56
projects/projects.js,102,js,4f75a39f,Rita Zaarour,2025-10-30,20:28:23,-07:00,2025-10-30T20:28:23-07:00,1,31
projects/projects.js,103,js,615ddb13,Rita Zaarour,2025-10-30,20:34:49,-07:00,2025-10-30T20:34:49-07:00,0,1
projects/projects.js,104,js,9dd9e440,Rita Zaarour,2025-10-30,21:04:10,-07:00,2025-10-30T21:04:10-07:00,0,0
projects/projects.js,105,js,d704846f,Rita Zaarour,2025-10-30,21:25:28,-07:00,2025-10-30T21:25:28-07:00,0,28
projects/projects.js,106,js,d704846f,Rita Zaarour,2025-10-30,21:25:28,-07:00,2025-10-30T21:25:28-07:00,0,32
projects/projects.js,107,js,d704846f,Rita Zaarour,2025-10-30,21:25:28,-07:00,2025-10-30T21:25:28-07:00,0,0
projects/projects.js,108,js,9dd9e440,Rita Zaarour,2025-10-30,21:04:10,-07:00,2025-10-30T21:04:10-07:00,0,21
projects/projects.js,109,js,9dd9e440,Rita Zaarour,2025-10-30,21:04:10,-07:00,2025-10-30T21:04:10-07:00,0,25
projects/projects.js,110,js,9dd9e440,Rita Zaarour,2025-10-30,21:04:10,-07:00,2025-10-30T21:04:10-07:00,0,29
projects/projects.js,111,js,9dd9e440,Rita Zaarour,2025-10-30,21:04:10,-07:00,2025-10-30T21:04:10-07:00,0,24
projects/projects.js,112,js,9dd9e440,Rita Zaarour,2025-10-30,21:04:10,-07:00,2025-10-30T21:04:10-07:00,1,1
projects/projects.js,113,js,9dd9e440,Rita Zaarour,2025-10-30,21:04:10,-07:00,2025-10-30T21:04:10-07:00,2,13
projects/projects.js,114,js,9dd9e440,Rita Zaarour,2025-10-30,21:04:10,-07:00,2025-10-30T21:04:10-07:00,2,13
projects/projects.js,115,js,9dd9e440,Rita Zaarour,2025-10-30,21:04:10,-07:00,2025-10-30T21:04:10-07:00,2,22
projects/projects.js,116,js,9dd9e440,Rita Zaarour,2025-10-30,21:04:10,-07:00,2025-10-30T21:04:10-07:00,2,18
projects/projects.js,117,js,65794594,Rita Zaarour,2025-10-30,21:22:07,-07:00,2025-10-30T21:22:07-07:00,3,43
projects/projects.js,118,js,65794594,Rita Zaarour,2025-10-30,21:22:07,-07:00,2025-10-30T21:22:07-07:00,0,0
projects/projects.js,119,js,65794594,Rita Zaarour,2025-10-30,21:22:07,-07:00,2025-10-30T21:22:07-07:00,3,19
projects/projects.js,120,js,65794594,Rita Zaarour,2025-10-30,21:22:07,-07:00,2025-10-30T21:22:07-07:00,4,68
projects/projects.js,121,js,65794594,Rita Zaarour,2025-10-30,21:22:07,-07:00,2025-10-30T21:22:07-07:00,0,0
projects/projects.js,122,js,65794594,Rita Zaarour,2025-10-30,21:22:07,-07:00,2025-10-30T21:22:07-07:00,3,20
projects/projects.js,123,js,65794594,Rita Zaarour,2025-10-30,21:22:07,-07:00,2025-10-30T21:22:07-07:00,4,68
projects/projects.js,124,js,65794594,Rita Zaarour,2025-10-30,21:22:07,-07:00,2025-10-30T21:22:07-07:00,0,0
projects/projects.js,125,js,65794594,Rita Zaarour,2025-10-30,21:22:07,-07:00,2025-10-30T21:22:07-07:00,3,25
projects/projects.js,126,js,65794594,Rita Zaarour,2025-10-30,21:22:07,-07:00,2025-10-30T21:22:07-07:00,4,48
projects/projects.js,127,js,65794594,Rita Zaarour,2025-10-30,21:22:07,-07:00,2025-10-30T21:22:07-07:00,3,6
projects/projects.js,128,js,65794594,Rita Zaarour,2025-10-30,21:22:07,-07:00,2025-10-30T21:22:07-07:00,4,45
projects/projects.js,129,js,65794594,Rita Zaarour,2025-10-30,21:22:07,-07:00,2025-10-30T21:22:07-07:00,0,0
projects/projects.js,130,js,65794594,Rita Zaarour,2025-10-30,21:22:07,-07:00,2025-10-30T21:22:07-07:00,4,68
projects/projects.js,131,js,65794594,Rita Zaarour,2025-10-30,21:22:07,-07:00,2025-10-30T21:22:07-07:00,0,0
projects/projects.js,132,js,65794594,Rita Zaarour,2025-10-30,21:22:07,-07:00,2025-10-30T21:22:07-07:00,4,56
projects/projects.js,133,js,65794594,Rita Zaarour,2025-10-30,21:22:07,-07:00,2025-10-30T21:22:07-07:00,3,0
projects/projects.js,134,js,65794594,Rita Zaarour,2025-10-30,21:22:07,-07:00,2025-10-30T21:22:07-07:00,2,1
projects/projects.js,135,js,65794594,Rita Zaarour,2025-10-30,21:22:07,-07:00,2025-10-30T21:22:07-07:00,0,1
projects/index.html,1,html,8295e265,Rita Zaarour,2025-10-02,21:27:59,-07:00,2025-10-02T21:27:59-07:00,0,13
projects/index.html,2,html,8295e265,Rita Zaarour,2025-10-02,21:27:59,-07:00,2025-10-02T21:27:59-07:00,0,14
projects/index.html,3,html,8295e265,Rita Zaarour,2025-10-02,21:27:59,-07:00,2025-10-02T21:27:59-07:00,0,4
projects/index.html,4,html,8295e265,Rita Zaarour,2025-10-02,21:27:59,-07:00,2025-10-02T21:27:59-07:00,2,20
projects/index.html,5,html,8295e265,Rita Zaarour,2025-10-02,21:27:59,-07:00,2025-10-02T21:27:59-07:00,2,68
projects/index.html,6,html,8295e265,Rita Zaarour,2025-10-02,21:27:59,-07:00,2025-10-02T21:27:59-07:00,2,21
projects/index.html,7,html,8295e265,Rita Zaarour,2025-10-02,21:27:59,-07:00,2025-10-02T21:27:59-07:00,2,41
projects/index.html,8,html,8295e265,Rita Zaarour,2025-10-02,21:27:59,-07:00,2025-10-02T21:27:59-07:00,0,5
projects/index.html,9,html,8295e265,Rita Zaarour,2025-10-02,21:27:59,-07:00,2025-10-02T21:27:59-07:00,0,4
projects/index.html,10,html,e7cd39ac,Rita Zaarour,2025-10-15,17:02:55,-07:00,2025-10-15T17:02:55-07:00,2,8
projects/index.html,11,html,88a80aff,Rita Zaarour,2025-10-06,21:43:17,-07:00,2025-10-06T21:43:17-07:00,4,30
projects/index.html,12,html,40f73bde,Rita Zaarour,2025-10-06,21:50:54,-07:00,2025-10-06T21:50:54-07:00,4,56
projects/index.html,13,html,88a80aff,Rita Zaarour,2025-10-06,21:43:17,-07:00,2025-10-06T21:43:17-07:00,4,41
projects/index.html,14,html,88a80aff,Rita Zaarour,2025-10-06,21:43:17,-07:00,2025-10-06T21:43:17-07:00,4,39
projects/index.html,15,html,8295e265,Rita Zaarour,2025-10-02,21:27:59,-07:00,2025-10-02T21:27:59-07:00,4,65
projects/index.html,16,html,8295e265,Rita Zaarour,2025-10-02,21:27:59,-07:00,2025-10-02T21:27:59-07:00,4,0
projects/index.html,17,html,e7cd39ac,Rita Zaarour,2025-10-15,17:02:55,-07:00,2025-10-15T17:02:55-07:00,2,8
projects/index.html,18,html,88a80aff,Rita Zaarour,2025-10-06,21:43:17,-07:00,2025-10-06T21:43:17-07:00,0,0
projects/index.html,19,html,d79ef237,Rita Zaarour,2025-10-23,20:02:44,-07:00,2025-10-23T20:02:44-07:00,2,38
projects/index.html,20,html,5ab3750f,Rita Zaarour,2025-10-29,13:18:34,-07:00,2025-10-29T13:18:34-07:00,2,21
projects/index.html,21,html,5ab3750f,Rita Zaarour,2025-10-29,13:18:34,-07:00,2025-10-29T13:18:34-07:00,4,53
projects/index.html,22,html,5ab3750f,Rita Zaarour,2025-10-29,13:18:34,-07:00,2025-10-29T13:18:34-07:00,4,22
projects/index.html,23,html,5ab3750f,Rita Zaarour,2025-10-29,13:18:34,-07:00,2025-10-29T13:18:34-07:00,2,4
projects/index.html,24,html,1ecd458f,Rita Zaarour,2025-10-30,20:09:25,-07:00,2025-10-30T20:09:25-07:00,2,4
projects/index.html,25,html,1ecd458f,Rita Zaarour,2025-10-30,20:09:25,-07:00,2025-10-30T20:09:25-07:00,4,15
projects/index.html,26,html,1ecd458f,Rita Zaarour,2025-10-30,20:09:25,-07:00,2025-10-30T20:09:25-07:00,4,11
projects/index.html,27,html,1ecd458f,Rita Zaarour,2025-10-30,20:09:25,-07:00,2025-10-30T20:09:25-07:00,4,26
projects/index.html,28,html,1ecd458f,Rita Zaarour,2025-10-30,20:09:25,-07:00,2025-10-30T20:09:25-07:00,4,31
projects/index.html,29,html,1ecd458f,Rita Zaarour,2025-10-30,20:09:25,-07:00,2025-10-30T20:09:25-07:00,2,0
projects/index.html,30,html,acad3a21,Rita Zaarour,2025-10-08,21:27:07,-07:00,2025-10-08T21:27:07-07:00,2,20
projects/index.html,31,html,333ed3d4,Rita Zaarour,2025-10-21,21:18:35,-07:00,2025-10-21T21:18:35-07:00,4,12
projects/index.html,32,html,acad3a21,Rita Zaarour,2025-10-08,21:27:07,-07:00,2025-10-08T21:27:07-07:00,6,29
projects/index.html,33,html,acad3a21,Rita Zaarour,2025-10-08,21:27:07,-07:00,2025-10-08T21:27:07-07:00,6,70
projects/index.html,34,html,acad3a21,Rita Zaarour,2025-10-08,21:27:07,-07:00,2025-10-08T21:27:07-07:00,6,214
projects/index.html,35,html,acad3a21,Rita Zaarour,2025-10-08,21:27:07,-07:00,2025-10-08T21:27:07-07:00,4,8
projects/index.html,36,html,acad3a21,Rita Zaarour,2025-10-08,21:27:07,-07:00,2025-10-08T21:27:07-07:00,4,7
projects/index.html,37,html,acad3a21,Rita Zaarour,2025-10-08,21:27:07,-07:00,2025-10-08T21:27:07-07:00,6,30
projects/index.html,38,html,acad3a21,Rita Zaarour,2025-10-08,21:27:07,-07:00,2025-10-08T21:27:07-07:00,6,70
projects/index.html,39,html,acad3a21,Rita Zaarour,2025-10-08,21:27:07,-07:00,2025-10-08T21:27:07-07:00,6,242
projects/index.html,40,html,acad3a21,Rita Zaarour,2025-10-08,21:27:07,-07:00,2025-10-08T21:27:07-07:00,4,8
projects/index.html,41,html,acad3a21,Rita Zaarour,2025-10-08,21:27:07,-07:00,2025-10-08T21:27:07-07:00,4,7
projects/index.html,42,html,acad3a21,Rita Zaarour,2025-10-08,21:27:07,-07:00,2025-10-08T21:27:07-07:00,6,33
projects/index.html,43,html,acad3a21,Rita Zaarour,2025-10-08,21:27:07,-07:00,2025-10-08T21:27:07-07:00,6,70
projects/index.html,44,html,acad3a21,Rita Zaarour,2025-10-08,21:27:07,-07:00,2025-10-08T21:27:07-07:00,6,233
projects/index.html,45,html,acad3a21,Rita Zaarour,2025-10-08,21:27:07,-07:00,2025-10-08T21:27:07-07:00,4,8
projects/index.html,46,html,acad3a21,Rita Zaarour,2025-10-08,21:27:07,-07:00,2025-10-08T21:27:07-07:00,4,7
projects/index.html,47,html,acad3a21,Rita Zaarour,2025-10-08,21:27:07,-07:00,2025-10-08T21:27:07-07:00,6,39
projects/index.html,48,html,acad3a21,Rita Zaarour,2025-10-08,21:27:07,-07:00,2025-10-08T21:27:07-07:00,6,70
projects/index.html,49,html,acad3a21,Rita Zaarour,2025-10-08,21:27:07,-07:00,2025-10-08T21:27:07-07:00,6,242
projects/index.html,50,html,acad3a21,Rita Zaarour,2025-10-08,21:27:07,-07:00,2025-10-08T21:27:07-07:00,4,8
projects/index.html,51,html,acad3a21,Rita Zaarour,2025-10-08,21:27:07,-07:00,2025-10-08T21:27:07-07:00,4,7
projects/index.html,52,html,acad3a21,Rita Zaarour,2025-10-08,21:27:07,-07:00,2025-10-08T21:27:07-07:00,6,38
projects/index.html,53,html,acad3a21,Rita Zaarour,2025-10-08,21:27:07,-07:00,2025-10-08T21:27:07-07:00,6,70
projects/index.html,54,html,acad3a21,Rita Zaarour,2025-10-08,21:27:07,-07:00,2025-10-08T21:27:07-07:00,6,254
projects/index.html,55,html,acad3a21,Rita Zaarour,2025-10-08,21:27:07,-07:00,2025-10-08T21:27:07-07:00,4,8
projects/index.html,56,html,acad3a21,Rita Zaarour,2025-10-08,21:27:07,-07:00,2025-10-08T21:27:07-07:00,4,7
projects/index.html,57,html,acad3a21,Rita Zaarour,2025-10-08,21:27:07,-07:00,2025-10-08T21:27:07-07:00,6,47
projects/index.html,58,html,acad3a21,Rita Zaarour,2025-10-08,21:27:07,-07:00,2025-10-08T21:27:07-07:00,6,70
projects/index.html,59,html,acad3a21,Rita Zaarour,2025-10-08,21:27:07,-07:00,2025-10-08T21:27:07-07:00,6,250
projects/index.html,60,html,acad3a21,Rita Zaarour,2025-10-08,21:27:07,-07:00,2025-10-08T21:27:07-07:00,4,8
projects/index.html,61,html,acad3a21,Rita Zaarour,2025-10-08,21:27:07,-07:00,2025-10-08T21:27:07-07:00,4,7
projects/index.html,62,html,acad3a21,Rita Zaarour,2025-10-08,21:27:07,-07:00,2025-10-08T21:27:07-07:00,6,32
projects/index.html,63,html,acad3a21,Rita Zaarour,2025-10-08,21:27:07,-07:00,2025-10-08T21:27:07-07:00,6,70
projects/index.html,64,html,acad3a21,Rita Zaarour,2025-10-08,21:27:07,-07:00,2025-10-08T21:27:07-07:00,6,236
projects/index.html,65,html,acad3a21,Rita Zaarour,2025-10-08,21:27:07,-07:00,2025-10-08T21:27:07-07:00,4,8
projects/index.html,66,html,acad3a21,Rita Zaarour,2025-10-08,21:27:07,-07:00,2025-10-08T21:27:07-07:00,4,7
projects/index.html,67,html,acad3a21,Rita Zaarour,2025-10-08,21:27:07,-07:00,2025-10-08T21:27:07-07:00,6,38
projects/index.html,68,html,acad3a21,Rita Zaarour,2025-10-08,21:27:07,-07:00,2025-10-08T21:27:07-07:00,6,70
projects/index.html,69,html,acad3a21,Rita Zaarour,2025-10-08,21:27:07,-07:00,2025-10-08T21:27:07-07:00,6,229
projects/index.html,70,html,acad3a21,Rita Zaarour,2025-10-08,21:27:07,-07:00,2025-10-08T21:27:07-07:00,4,8
projects/index.html,71,html,acad3a21,Rita Zaarour,2025-10-08,21:27:07,-07:00,2025-10-08T21:27:07-07:00,4,7
projects/index.html,72,html,acad3a21,Rita Zaarour,2025-10-08,21:27:07,-07:00,2025-10-08T21:27:07-07:00,6,35
projects/index.html,73,html,acad3a21,Rita Zaarour,2025-10-08,21:27:07,-07:00,2025-10-08T21:27:07-07:00,6,70
projects/index.html,74,html,acad3a21,Rita Zaarour,2025-10-08,21:27:07,-07:00,2025-10-08T21:27:07-07:00,6,203
projects/index.html,75,html,acad3a21,Rita Zaarour,2025-10-08,21:27:07,-07:00,2025-10-08T21:27:07-07:00,4,8
projects/index.html,76,html,acad3a21,Rita Zaarour,2025-10-08,21:27:07,-07:00,2025-10-08T21:27:07-07:00,4,7
projects/index.html,77,html,acad3a21,Rita Zaarour,2025-10-08,21:27:07,-07:00,2025-10-08T21:27:07-07:00,6,41
projects/index.html,78,html,acad3a21,Rita Zaarour,2025-10-08,21:27:07,-07:00,2025-10-08T21:27:07-07:00,6,70
projects/index.html,79,html,acad3a21,Rita Zaarour,2025-10-08,21:27:07,-07:00,2025-10-08T21:27:07-07:00,6,222
projects/index.html,80,html,acad3a21,Rita Zaarour,2025-10-08,21:27:07,-07:00,2025-10-08T21:27:07-07:00,4,8
projects/index.html,81,html,acad3a21,Rita Zaarour,2025-10-08,21:27:07,-07:00,2025-10-08T21:27:07-07:00,4,7
projects/index.html,82,html,acad3a21,Rita Zaarour,2025-10-08,21:27:07,-07:00,2025-10-08T21:27:07-07:00,6,40
projects/index.html,83,html,acad3a21,Rita Zaarour,2025-10-08,21:27:07,-07:00,2025-10-08T21:27:07-07:00,6,70
projects/index.html,84,html,acad3a21,Rita Zaarour,2025-10-08,21:27:07,-07:00,2025-10-08T21:27:07-07:00,6,247
projects/index.html,85,html,acad3a21,Rita Zaarour,2025-10-08,21:27:07,-07:00,2025-10-08T21:27:07-07:00,4,8
projects/index.html,86,html,acad3a21,Rita Zaarour,2025-10-08,21:27:07,-07:00,2025-10-08T21:27:07-07:00,4,7
projects/index.html,87,html,acad3a21,Rita Zaarour,2025-10-08,21:27:07,-07:00,2025-10-08T21:27:07-07:00,6,39
projects/index.html,88,html,acad3a21,Rita Zaarour,2025-10-08,21:27:07,-07:00,2025-10-08T21:27:07-07:00,6,70
projects/index.html,89,html,acad3a21,Rita Zaarour,2025-10-08,21:27:07,-07:00,2025-10-08T21:27:07-07:00,6,242
projects/index.html,90,html,333ed3d4,Rita Zaarour,2025-10-21,21:18:35,-07:00,2025-10-21T21:18:35-07:00,4,12
projects/index.html,91,html,acad3a21,Rita Zaarour,2025-10-08,21:27:07,-07:00,2025-10-08T21:27:07-07:00,2,4
projects/index.html,92,html,c9fdf83b,Rita Zaarour,2025-10-14,14:34:53,-07:00,2025-10-14T14:34:53-07:00,2,48
projects/index.html,93,html,333ed3d4,Rita Zaarour,2025-10-21,21:18:35,-07:00,2025-10-21T21:18:35-07:00,2,47
projects/index.html,94,html,8295e265,Rita Zaarour,2025-10-02,21:27:59,-07:00,2025-10-02T21:27:59-07:00,0,5
projects/index.html,95,html,8295e265,Rita Zaarour,2025-10-02,21:27:59,-07:00,2025-10-02T21:27:59-07:00,0,5
contact/index.html,1,html,8295e265,Rita Zaarour,2025-10-02,21:27:59,-07:00,2025-10-02T21:27:59-07:00,0,13
contact/index.html,2,html,8295e265,Rita Zaarour,2025-10-02,21:27:59,-07:00,2025-10-02T21:27:59-07:00,0,14
contact/index.html,3,html,8295e265,Rita Zaarour,2025-10-02,21:27:59,-07:00,2025-10-02T21:27:59-07:00,0,4
contact/index.html,4,html,8295e265,Rita Zaarour,2025-10-02,21:27:59,-07:00,2025-10-02T21:27:59-07:00,2,20
contact/index.html,5,html,8295e265,Rita Zaarour,2025-10-02,21:27:59,-07:00,2025-10-02T21:27:59-07:00,2,68
contact/index.html,6,html,8295e265,Rita Zaarour,2025-10-02,21:27:59,-07:00,2025-10-02T21:27:59-07:00,2,20
contact/index.html,7,html,8295e265,Rita Zaarour,2025-10-02,21:27:59,-07:00,2025-10-02T21:27:59-07:00,2,41
contact/index.html,8,html,8295e265,Rita Zaarour,2025-10-02,21:27:59,-07:00,2025-10-02T21:27:59-07:00,0,5
contact/index.html,9,html,d597ca20,Rita Zaarour,2025-10-08,20:55:56,-07:00,2025-10-08T20:55:56-07:00,0,20
contact/index.html,10,html,e7cd39ac,Rita Zaarour,2025-10-15,17:02:55,-07:00,2025-10-15T17:02:55-07:00,2,8
contact/index.html,11,html,88a80aff,Rita Zaarour,2025-10-06,21:43:17,-07:00,2025-10-06T21:43:17-07:00,4,30
contact/index.html,12,html,88a80aff,Rita Zaarour,2025-10-06,21:43:17,-07:00,2025-10-06T21:43:17-07:00,4,43
contact/index.html,13,html,40f73bde,Rita Zaarour,2025-10-06,21:50:54,-07:00,2025-10-06T21:50:54-07:00,4,54
contact/index.html,14,html,88a80aff,Rita Zaarour,2025-10-06,21:43:17,-07:00,2025-10-06T21:43:17-07:00,4,39
contact/index.html,15,html,8295e265,Rita Zaarour,2025-10-02,21:27:59,-07:00,2025-10-02T21:27:59-07:00,4,65
contact/index.html,16,html,52266f8b,Rita Zaarour,2025-10-06,21:26:17,-07:00,2025-10-06T21:26:17-07:00,4,0
contact/index.html,17,html,e7cd39ac,Rita Zaarour,2025-10-15,17:02:55,-07:00,2025-10-15T17:02:55-07:00,2,8
contact/index.html,18,html,88a80aff,Rita Zaarour,2025-10-06,21:43:17,-07:00,2025-10-06T21:43:17-07:00,0,0
contact/index.html,19,html,6874b99b,Rita Zaarour,2025-10-08,20:20:36,-07:00,2025-10-08T20:20:36-07:00,2,17
contact/index.html,20,html,52266f8b,Rita Zaarour,2025-10-06,21:26:17,-07:00,2025-10-06T21:26:17-07:00,0,0
contact/index.html,21,html,b09b52d1,Rita Zaarour,2025-10-02,21:37:03,-07:00,2025-10-02T21:37:03-07:00,0,0
contact/index.html,22,html,4637dfc1,Rita Zaarour,2025-10-16,21:54:14,-07:00,2025-10-16T21:54:14-07:00,2,52
contact/index.html,23,html,b09b52d1,Rita Zaarour,2025-10-02,21:37:03,-07:00,2025-10-02T21:37:03-07:00,4,5
contact/index.html,24,html,b09b52d1,Rita Zaarour,2025-10-02,21:37:03,-07:00,2025-10-02T21:37:03-07:00,6,10
contact/index.html,25,html,2e532aa1,Rita Zaarour,2025-10-02,22:20:00,-07:00,2025-10-02T22:20:00-07:00,6,29
contact/index.html,26,html,b09b52d1,Rita Zaarour,2025-10-02,21:37:03,-07:00,2025-10-02T21:37:03-07:00,4,6
contact/index.html,27,html,b09b52d1,Rita Zaarour,2025-10-02,21:37:03,-07:00,2025-10-02T21:37:03-07:00,4,6
contact/index.html,28,html,b09b52d1,Rita Zaarour,2025-10-02,21:37:03,-07:00,2025-10-02T21:37:03-07:00,0,0
contact/index.html,29,html,b09b52d1,Rita Zaarour,2025-10-02,21:37:03,-07:00,2025-10-02T21:37:03-07:00,4,5
contact/index.html,30,html,b09b52d1,Rita Zaarour,2025-10-02,21:37:03,-07:00,2025-10-02T21:37:03-07:00,6,10
contact/index.html,31,html,b09b52d1,Rita Zaarour,2025-10-02,21:37:03,-07:00,2025-10-02T21:37:03-07:00,6,76
contact/index.html,32,html,b09b52d1,Rita Zaarour,2025-10-02,21:37:03,-07:00,2025-10-02T21:37:03-07:00,4,6
contact/index.html,33,html,b09b52d1,Rita Zaarour,2025-10-02,21:37:03,-07:00,2025-10-02T21:37:03-07:00,4,6
contact/index.html,34,html,b09b52d1,Rita Zaarour,2025-10-02,21:37:03,-07:00,2025-10-02T21:37:03-07:00,0,0
contact/index.html,35,html,b09b52d1,Rita Zaarour,2025-10-02,21:37:03,-07:00,2025-10-02T21:37:03-07:00,4,19
contact/index.html,36,html,b09b52d1,Rita Zaarour,2025-10-02,21:37:03,-07:00,2025-10-02T21:37:03-07:00,2,5
contact/index.html,37,html,c9fdf83b,Rita Zaarour,2025-10-14,14:34:53,-07:00,2025-10-14T14:34:53-07:00,2,48
contact/index.html,38,html,8295e265,Rita Zaarour,2025-10-02,21:27:59,-07:00,2025-10-02T21:27:59-07:00,0,5
contact/index.html,39,html,8295e265,Rita Zaarour,2025-10-02,21:27:59,-07:00,2025-10-02T21:27:59-07:00,0,5
